package,repository,revision,path,sha256
Core,arakelov-positivity-rh-core,da3b943c662f37c62f8bbaf6ad38783a84ed9b54,.github/workflows/README.md,902c30a336f90c2911ad8c99ddd9839240743db7c9e64f72aaea24ab7189dafc
Core,arakelov-positivity-rh-core,da3b943c662f37c62f8bbaf6ad38783a84ed9b54,.github/workflows/lean.yml,0f9dac29323c54be9122aee0af3501d7efa1855c1a6cdac18a70b793170e7c81
Core,arakelov-positivity-rh-core,da3b943c662f37c62f8bbaf6ad38783a84ed9b54,.github/workflows/manifest-locked.yml,5a96e8afbe1c75da33b371f8e45041b08110d846459e266e5e6a275179e66dbd
Core,arakelov-positivity-rh-core,da3b943c662f37c62f8bbaf6ad38783a84ed9b54,.github/workflows/notify-bridge.yml,a21022732de4abe9b9bb3dc9d6a24ef1c81728b73f57e90a8631dc7bfaf3b3f7
Core,arakelov-positivity-rh-core,da3b943c662f37c62f8bbaf6ad38783a84ed9b54,.zenodo.json,4187ab0017b7b3f78be5f09a3e0338c5ada41ea4c4eecad5b4f0dcae0596ba5c
Core,arakelov-positivity-rh-core,da3b943c662f37c62f8bbaf6ad38783a84ed9b54,AGENTS.md,7955154493ef60c41729c3a0d19e0c435c04e0a9fd35317d3146915438c72b2e
Core,arakelov-positivity-rh-core,da3b943c662f37c62f8bbaf6ad38783a84ed9b54,ArakelovRH/C01_Arakelov.lean,4435870d321bc9b338a21728283f1120e535b4c2422637a9882f6186a859a18f
Core,arakelov-positivity-rh-core,da3b943c662f37c62f8bbaf6ad38783a84ed9b54,ArakelovRH/C02_Modularity.lean,7185a4b46e9e2754ce5c3e063aba62b8baa5c3bcea4c6e89ff5832613f5299d4
Core,arakelov-positivity-rh-core,da3b943c662f37c62f8bbaf6ad38783a84ed9b54,ArakelovRH/C03_Positivity.lean,1a4bde50eefdd0fdba86edaaf578b836ceb84271797dabf491aefe2905de81d0
Core,arakelov-positivity-rh-core,da3b943c662f37c62f8bbaf6ad38783a84ed9b54,ArakelovRH/C04_HeightBound.lean,7f7635403ce62c87e59026ee19e258654e0c8f108685c896f0e39ec0dc360cce
Core,arakelov-positivity-rh-core,da3b943c662f37c62f8bbaf6ad38783a84ed9b54,ArakelovRH/C05_Discriminant.lean,b95ee52842ee40bb1d99def52e2bfbd8df08768cf8a52a1492fbfd69ecc61647
Core,arakelov-positivity-rh-core,da3b943c662f37c62f8bbaf6ad38783a84ed9b54,ArakelovRH/C06_BostConnes.lean,5f919bf0febc6f5702d08f2940715943ce037d14f0a148e477ac944dbb29330a
Core,arakelov-positivity-rh-core,da3b943c662f37c62f8bbaf6ad38783a84ed9b54,ArakelovRH/C07_RHCombinator.lean,d751b144f7fb43c8f0dad7fefd64747c3db08a6f9d6270b7b339d3cd7e755bd4
Core,arakelov-positivity-rh-core,da3b943c662f37c62f8bbaf6ad38783a84ed9b54,ArakelovRH/C08_Positivity.lean,6fdcf112c7019d0f308ea95a948f57c6bbefbb8d75bfaa673ba1a7125ed6af77
Core,arakelov-positivity-rh-core,da3b943c662f37c62f8bbaf6ad38783a84ed9b54,ArakelovRH/C09_GRHDescent.lean,e2275e0e5aa6203ed03a3e051830aaaa50bf72fdee19a5805ae93966074b2705
Core,arakelov-positivity-rh-core,da3b943c662f37c62f8bbaf6ad38783a84ed9b54,ArakelovRH/C10_RHMainTheorem.lean,005ef20f123dd67e9b3b3dc42296ce88fae0623f25b13d46f3f123ccb7870564
Core,arakelov-positivity-rh-core,da3b943c662f37c62f8bbaf6ad38783a84ed9b54,ArakelovRH/C11_ArakelovPairing.lean,407edfb7541d55f50ac91c5415a1b014e1e4a3601361e9f55261781d3e42daad
Core,arakelov-positivity-rh-core,da3b943c662f37c62f8bbaf6ad38783a84ed9b54,ArakelovRH/C14_SpectralGap.lean,a50867e9e4e08bc2d2692c05af3298d331bfa8ee8183b98ecabb2554d51c1af1
Core,arakelov-positivity-rh-core,da3b943c662f37c62f8bbaf6ad38783a84ed9b54,ArakelovRH/ClassNumber/GenusFormula.lean,1f339390f37d216e9901e14d79d56a0446f1c53c8ef092a33c9fba806452f501
Core,arakelov-positivity-rh-core,da3b943c662f37c62f8bbaf6ad38783a84ed9b54,ArakelovRH/ClassNumber/NormFormBounds.lean,ae03076fc3badfc7975bdef1d33e10a227c1560b2418e1cece4173a6cea719b6
Core,arakelov-positivity-rh-core,da3b943c662f37c62f8bbaf6ad38783a84ed9b54,ArakelovRH/ClassNumber/README.md,fb3ddda8c0d5da254b46f24bbb7e1264bcbfe079fe3fcb8932c62b09b3870a8c
Core,arakelov-positivity-rh-core,da3b943c662f37c62f8bbaf6ad38783a84ed9b54,ArakelovRH/ClassNumber/ReducedForms.lean,54afde97e24954f8d27a20a0b50b6e32be1132c3d7d80e0b2ee466acacf44b3f
Core,arakelov-positivity-rh-core,da3b943c662f37c62f8bbaf6ad38783a84ed9b54,ArakelovRH/ClayCertificate.lean,6f69c7506670d89a2a996d593ac3d781590f4327bb5efcf1237df967b6125bb5
Core,arakelov-positivity-rh-core,da3b943c662f37c62f8bbaf6ad38783a84ed9b54,ArakelovRH/Closure/BoundedStripsClosure.lean,c6402f0b3b974fc9cb3bf24dd4033bc3bb941761cdc4e78f00bfe678d4217d0c
Core,arakelov-positivity-rh-core,da3b943c662f37c62f8bbaf6ad38783a84ed9b54,ArakelovRH/Closure/ConverseUniquenessClosure.lean,80ef224d6fb2e9b2ecd999c296d9d14d239c39c1cf9bbc9a52d392bdeafa85e1
Core,arakelov-positivity-rh-core,da3b943c662f37c62f8bbaf6ad38783a84ed9b54,ArakelovRH/Closure/EulerProductClosure.lean,e8350262892a1f4a7847af98c13cd21d383ab285e55eab0ca6063fd6ea919eb8
Core,arakelov-positivity-rh-core,da3b943c662f37c62f8bbaf6ad38783a84ed9b54,ArakelovRH/Closure/FunctionalEquationClosure.lean,783ecbae4bcefabddab7adeb27b4f5c69bded28df75c080210d7097218c305fc
Core,arakelov-positivity-rh-core,da3b943c662f37c62f8bbaf6ad38783a84ed9b54,ArakelovRH/Closure/L_sym2_NonVanishingClosure.lean,298bda8581d6fb853a6f1b63def9acfcabc07079e60d668557840c237c973e9a
Core,arakelov-positivity-rh-core,da3b943c662f37c62f8bbaf6ad38783a84ed9b54,ArakelovRH/Closure/README.md,f8bef4e1a32fdc761db3e6c51e469d968fa326b608dbb2d2c8fb86a2e3309547
Core,arakelov-positivity-rh-core,da3b943c662f37c62f8bbaf6ad38783a84ed9b54,ArakelovRH/Closure/ResidueArgumentClosure.lean,776bb00325e6e686a97e2a6817041aa6f844b18b2592a93a2ee91092dfe5c3e9
Core,arakelov-positivity-rh-core,da3b943c662f37c62f8bbaf6ad38783a84ed9b54,ArakelovRH/Closure/SelbergWeilClosure.lean,9236dfc6ee5d960929e1ff2bcb79df4d55bd9f692a8e6adc51ff93b8443a63fa
Core,arakelov-positivity-rh-core,da3b943c662f37c62f8bbaf6ad38783a84ed9b54,ArakelovRH/Closure/WeilBoundToGRHClosure.lean,49ea5f1e1f7a5dd7f64f9f48a57e28b6b1abfcd5c8c2d299970967180e52d4b8
Core,arakelov-positivity-rh-core,da3b943c662f37c62f8bbaf6ad38783a84ed9b54,ArakelovRH/Closure/ZetaZeroFreeClosure.lean,afd780ced35b9a3a7fab5d28986d4cc75ab6e2150ce2505b42178207d48638e0
Core,arakelov-positivity-rh-core,da3b943c662f37c62f8bbaf6ad38783a84ed9b54,ArakelovRH/JorgensonKramer/GreenFunction.lean,747a307c25fcdbd29263e28c6922ed896e6cb6df39730f6e2e76892cd23b4ed4
Core,arakelov-positivity-rh-core,da3b943c662f37c62f8bbaf6ad38783a84ed9b54,ArakelovRH/JorgensonKramer/HeatKernel.lean,c4f938946f1f944c5dec69271d5107cbc863344aa912f3310429d7acaae02fa4
Core,arakelov-positivity-rh-core,da3b943c662f37c62f8bbaf6ad38783a84ed9b54,ArakelovRH/JorgensonKramer/JK96_GreenConstant_143.lean,aa4a9fed89bb717dcd30c5522ad94132dacef6eb680fd47f8d22c84ced4e1b4a
Core,arakelov-positivity-rh-core,da3b943c662f37c62f8bbaf6ad38783a84ed9b54,ArakelovRH/JorgensonKramer/ModularCurve.lean,9363ca1e7fe4999c5ddb63bc9b006ffa09c5a46cfcb7e3654241ecf26d00b341
Core,arakelov-positivity-rh-core,da3b943c662f37c62f8bbaf6ad38783a84ed9b54,ArakelovRH/JorgensonKramer/README.md,2e5742aaef646c7c36aff0836e06514727e32db5c4f934ec7e4b0ee01d7048d7
Core,arakelov-positivity-rh-core,da3b943c662f37c62f8bbaf6ad38783a84ed9b54,ArakelovRH/JorgensonKramer/ThetaFactorization.lean,85c06cb7df17153aef8ff14e31592ca491aef8f4a18530bbbdf95150c8cd9ce6
Core,arakelov-positivity-rh-core,da3b943c662f37c62f8bbaf6ad38783a84ed9b54,ArakelovRH/Master.lean,b218c7e6922d1876c3610d5c3ed2cc500d9f8925bee4d841555834278a1b08bc
Core,arakelov-positivity-rh-core,da3b943c662f37c62f8bbaf6ad38783a84ed9b54,ArakelovRH/README.md,2bf94b8c838d137b78aaff18d0844dbf4b88d84066d66c859e4d943d8329ef27
Core,arakelov-positivity-rh-core,da3b943c662f37c62f8bbaf6ad38783a84ed9b54,ArakelovRH/RHCoreProof.lean,16689699934a7de1a0b3d358370f123139abc44e856e3e38608f91aeef4fa09f
Core,arakelov-positivity-rh-core,da3b943c662f37c62f8bbaf6ad38783a84ed9b54,ArakelovRH/RHRouteA.lean,20f0ee21d0634bf1a90474f942770b2a3f45a9e82c282567c41615e2bf7e4dbe
Core,arakelov-positivity-rh-core,da3b943c662f37c62f8bbaf6ad38783a84ed9b54,ArakelovRH/RHRouteB.lean,d1a712fc029128d10e123703e7f53c1af4caaca0dd342b3799c93f7b835f96f2
Core,arakelov-positivity-rh-core,da3b943c662f37c62f8bbaf6ad38783a84ed9b54,ArakelovRH/RouteBClosed.lean,16f01a4e66ad3f2041e846e51048db0f00e21ea86e6a78d36a373a6373512ddf
Core,arakelov-positivity-rh-core,da3b943c662f37c62f8bbaf6ad38783a84ed9b54,ArakelovRH/RouteBClosure.lean,b501416e53ff5c769b3d2191971aa24e003abbd2583cd9b8deb8ba368d82896b
Core,arakelov-positivity-rh-core,da3b943c662f37c62f8bbaf6ad38783a84ed9b54,ArakelovRH/Scaffold/AbbesUllmo.lean,a47a094d8d1f6bd4f2ab5e754692769a99cfeaaee753baf74e4b12a2785e0db9
Core,arakelov-positivity-rh-core,da3b943c662f37c62f8bbaf6ad38783a84ed9b54,ArakelovRH/Scaffold/ConverseTheorem.lean,32c74238f7be2de6dcc9d69efd023986ecc36d7d83391dfd77566623175a690a
Core,arakelov-positivity-rh-core,da3b943c662f37c62f8bbaf6ad38783a84ed9b54,ArakelovRH/Scaffold/Gate1_BC6Arithmetic.lean,0ac7c94f48b53527853433fd60dc0dda13b39669916ef58a1fbe51444c448788
Core,arakelov-positivity-rh-core,da3b943c662f37c62f8bbaf6ad38783a84ed9b54,ArakelovRH/Scaffold/Gate2_EulerBound.lean,bbb7d0ad836f017e1ec97ffef9fbfe152aa2fd9b38088e212c1fc512e23dcff3
Core,arakelov-positivity-rh-core,da3b943c662f37c62f8bbaf6ad38783a84ed9b54,ArakelovRH/Scaffold/Gate3_RSClosure.lean,fd8871e8e9a4db2e8f2b6240ee79730b764b1e5fd1b45c5bbfecd87ef658977e
Core,arakelov-positivity-rh-core,da3b943c662f37c62f8bbaf6ad38783a84ed9b54,ArakelovRH/Scaffold/GrowthContradiction.lean,e54a67346f827d434a4f5aa04a9eb7f31237d97d57ed4ab7ab6486d6611a294d
Core,arakelov-positivity-rh-core,da3b943c662f37c62f8bbaf6ad38783a84ed9b54,ArakelovRH/Scaffold/IwaniecKowalski.lean,b51c1162d60df77bc35a7fd0fcd3fefd563ea4d4842fdc8bc51b3020ddeacced
Core,arakelov-positivity-rh-core,da3b943c662f37c62f8bbaf6ad38783a84ed9b54,ArakelovRH/Scaffold/JorgensonKramer.lean,8063ae43a64ffc738d5acb32e607a34bc99799719cde5b94daa4b34a69c1a44c
Core,arakelov-positivity-rh-core,da3b943c662f37c62f8bbaf6ad38783a84ed9b54,ArakelovRH/Scaffold/KimSarnakAuxiliary.lean,20ee9e715c67dac3d400ffe56e9b4b9be75e1ba051cbbb6ab3da9a834486fe7c
Core,arakelov-positivity-rh-core,da3b943c662f37c62f8bbaf6ad38783a84ed9b54,ArakelovRH/Scaffold/KimSarnakMainTheorem.lean,7e09bafb449bd50d0c20604e78cb1a696798391c74d572e1be2e651864e3d270
Core,arakelov-positivity-rh-core,da3b943c662f37c62f8bbaf6ad38783a84ed9b54,ArakelovRH/Scaffold/README.md,09ad338c1c64481b4be1f2fe9f76128f1ae16f9d44fcc6c2e2992871db6fa80d
Core,arakelov-positivity-rh-core,da3b943c662f37c62f8bbaf6ad38783a84ed9b54,ArakelovRH/Scaffold/RouteBReduction.lean,1f922d53dcc144931b22fc7733c891b1fa42e7978122eb2965ad4e64945a3c27
Core,arakelov-positivity-rh-core,da3b943c662f37c62f8bbaf6ad38783a84ed9b54,ArakelovRH/Spectral/KimSarnakChain.lean,ad88fea83c95fb64820311c22b15dd71e306b61616dfdb21b5c9df07bb6f1819
Core,arakelov-positivity-rh-core,da3b943c662f37c62f8bbaf6ad38783a84ed9b54,ArakelovRH/Spectral/README.md,2a6e6f099a3c66d31cafcde2fe9ac6e1f329c6510927c232fcea27519f740865
Core,arakelov-positivity-rh-core,da3b943c662f37c62f8bbaf6ad38783a84ed9b54,ArakelovRH/Spectral/SelbergTrace143.lean,6ff2bbb9d7b423d388d048c670d847afd87f94c11839c1880b1a8b18cc5c85ea
Core,arakelov-positivity-rh-core,da3b943c662f37c62f8bbaf6ad38783a84ed9b54,ArakelovRH/Spectral/SpectralAbstract.lean,17db51b866f3f7e22dcb1516d4fd2952304269398b5c13bc2a5822836b09cf39
Core,arakelov-positivity-rh-core,da3b943c662f37c62f8bbaf6ad38783a84ed9b54,ArakelovRH/SubClosure/AnalyticExtensionAttack.lean,bd94b2f37d62bfe99debdd046cd730b8881b22f217948e30493a97d2cbfe10d5
Core,arakelov-positivity-rh-core,da3b943c662f37c62f8bbaf6ad38783a84ed9b54,ArakelovRH/SubClosure/AtomicClosure.lean,3834cbebb2179cfa12a9e5ff8ff71858888aea1edc8303585d935d7a80578774
Core,arakelov-positivity-rh-core,da3b943c662f37c62f8bbaf6ad38783a84ed9b54,ArakelovRH/SubClosure/BC6DecompSubClosure.lean,5afd4757013849351835f41932a2e4f75201fc4cfe4ba0aad5d6d270a038a1a1
Core,arakelov-positivity-rh-core,da3b943c662f37c62f8bbaf6ad38783a84ed9b54,ArakelovRH/SubClosure/BC6GateAttack.lean,368f91489f2980970733b5735548d89c9cdce11971aea7ef8f160053af1d32bc
Core,arakelov-positivity-rh-core,da3b943c662f37c62f8bbaf6ad38783a84ed9b54,ArakelovRH/SubClosure/BSVerticalAttack.lean,ee14ee80962ff92b73cad8435bc4867698748b7cc07514dc08123506f312f195
Core,arakelov-positivity-rh-core,da3b943c662f37c62f8bbaf6ad38783a84ed9b54,ArakelovRH/SubClosure/Batch100IKChainDecomp.lean,b5cf308e6d27ac6ab0b870c8c6119368ea378053bf8c3f2c8b623c8948334cad
Core,arakelov-positivity-rh-core,da3b943c662f37c62f8bbaf6ad38783a84ed9b54,ArakelovRH/SubClosure/Batch101CPSConverseDecomp.lean,83acc54c33c02b01caf602c9de882a7152149cc0bbe8681d0c9d9b66e42edc36
Core,arakelov-positivity-rh-core,da3b943c662f37c62f8bbaf6ad38783a84ed9b54,ArakelovRH/SubClosure/Batch102ChainsClosed.lean,a622338f163ad1ecc3957a01b62fada31b1742674ab663cc907ac745aa54c080
Core,arakelov-positivity-rh-core,da3b943c662f37c62f8bbaf6ad38783a84ed9b54,ArakelovRH/SubClosure/Batch102RoadMapCert.lean,0579dc342869927a6fff7b0f08234e8c38b35637eaee1ebe2694d61e501f459e
Core,arakelov-positivity-rh-core,da3b943c662f37c62f8bbaf6ad38783a84ed9b54,ArakelovRH/SubClosure/Batch103GrandCertificate.lean,b3776d704e1bd0898aa2779bbcf3957a7d9caf9c153d22f0dafef4c9a0aec974
Core,arakelov-positivity-rh-core,da3b943c662f37c62f8bbaf6ad38783a84ed9b54,ArakelovRH/SubClosure/Batch104EulerProductCremonaClose.lean,7bdbdc512a8da0fdd97185ce16b197f6f5ac647bd1de839ddd3a2ad5aa93266c
Core,arakelov-positivity-rh-core,da3b943c662f37c62f8bbaf6ad38783a84ed9b54,ArakelovRH/SubClosure/Batch105ComplexEPAndDecompositions.lean,6d84e60dc6e89d686a0c04b7a826da3dde342aaf8713cc940fbeb25b372aea63
Core,arakelov-positivity-rh-core,da3b943c662f37c62f8bbaf6ad38783a84ed9b54,ArakelovRH/SubClosure/Batch106LargeAtomDecompositions.lean,f6711c74170a71772df8a0e476afcd0f7b5657ea83fd6baf25a532743ff274d3
Core,arakelov-positivity-rh-core,da3b943c662f37c62f8bbaf6ad38783a84ed9b54,ArakelovRH/SubClosure/Batch107TrivialCloseLevel3.lean,ba6af42580b87783029160601e4f5aca24b8a0e2aed9e4404511ef4b5eaec1e4
Core,arakelov-positivity-rh-core,da3b943c662f37c62f8bbaf6ad38783a84ed9b54,ArakelovRH/SubClosure/Batch108ArithClose_Level4Decomp.lean,f696c08de0943f571ab88c0167c99f87c3a84fc94baaf413b548b8199ce7d46e
Core,arakelov-positivity-rh-core,da3b943c662f37c62f8bbaf6ad38783a84ed9b54,ArakelovRH/SubClosure/Batch109TrivialCloseB102Decomp.lean,23b22ce757b9cc6ade91ae869e37c76a6beda59483017dca47313f8b3cd00541
Core,arakelov-positivity-rh-core,da3b943c662f37c62f8bbaf6ad38783a84ed9b54,ArakelovRH/SubClosure/Batch110MellinClose_L3Decomp5.lean,6ce3d270b0906b2db2ad780c62432846c868ac2bd7f2e6c934fecac5337e25f7
Core,arakelov-positivity-rh-core,da3b943c662f37c62f8bbaf6ad38783a84ed9b54,ArakelovRH/SubClosure/Batch111TrivialClose3_Decomp5.lean,ff6c44feae97c79b17e8be7dce756149ea4226810761c73ea558ee9b5d82f276
Core,arakelov-positivity-rh-core,da3b943c662f37c62f8bbaf6ad38783a84ed9b54,ArakelovRH/SubClosure/Batch112TrivialClose2_Decomp5.lean,c2209edc3ceb1f0797a07deec2a96af36e3b0d8c13f1c4efaf3764c3144ee29d
Core,arakelov-positivity-rh-core,da3b943c662f37c62f8bbaf6ad38783a84ed9b54,ArakelovRH/SubClosure/Batch113EpsToZero_Decomp5.lean,e20c78b93892fc844c20b3c4e4816842cba7a81ede6b6af221ff300d8fddc00d
Core,arakelov-positivity-rh-core,da3b943c662f37c62f8bbaf6ad38783a84ed9b54,ArakelovRH/SubClosure/Batch114GRHExact_Decomp6.lean,2fc8abdd4fb95fc05a67663bcb5ddc12068a1da8aa8dffc1d651650bd7ca9bc0
Core,arakelov-positivity-rh-core,da3b943c662f37c62f8bbaf6ad38783a84ed9b54,ArakelovRH/SubClosure/Batch115WeylDiff_Decomp5.lean,dbb56586cddcd892f8fb06e8524cf83dace8ab392deb4d7b0ddd571d69488fbe
Core,arakelov-positivity-rh-core,da3b943c662f37c62f8bbaf6ad38783a84ed9b54,ArakelovRH/SubClosure/Batch116SpectralGap_Decomp5.lean,e4562e98ef7afff5f11961a156476bfce6f2cb9b05948aca036717485a3052dc
Core,arakelov-positivity-rh-core,da3b943c662f37c62f8bbaf6ad38783a84ed9b54,ArakelovRH/SubClosure/Batch117MediumAtoms_Decomp6.lean,3b9180293c39e95f77afa7f7c6fe63927599e2718679758512f81163df43ee44
Core,arakelov-positivity-rh-core,da3b943c662f37c62f8bbaf6ad38783a84ed9b54,ArakelovRH/SubClosure/Batch118WBGConclusion_Decomp4.lean,92966b11f7d826e13058803a589135afd721a57b5227dc9b8de64eed452ea988
Core,arakelov-positivity-rh-core,da3b943c662f37c62f8bbaf6ad38783a84ed9b54,ArakelovRH/SubClosure/Batch119LargeAtoms_Decomp6.lean,f98e5cd67dc85ad29f589ad384d6c087738a375b68e7e63d31095359524ba688
Core,arakelov-positivity-rh-core,da3b943c662f37c62f8bbaf6ad38783a84ed9b54,ArakelovRH/SubClosure/Batch120BC6Gaps_Decomp6.lean,1b78e26eee9f0d49ac93fce8d45d314c36c6505142dda646c774d4c977b61563
Core,arakelov-positivity-rh-core,da3b943c662f37c62f8bbaf6ad38783a84ed9b54,ArakelovRH/SubClosure/Batch121ZFSChain_Decomp5.lean,a5ad2df71e84fda1839f945836ea78ccc284e6229ab1ef171a809c7f80d469f5
Core,arakelov-positivity-rh-core,da3b943c662f37c62f8bbaf6ad38783a84ed9b54,ArakelovRH/SubClosure/Batch122ZFRtoRH_Decomp6.lean,eb8502b3e143e3669b80622c6fed2e243e67071f7f4ed7bc3d9b9b4bab92e750
Core,arakelov-positivity-rh-core,da3b943c662f37c62f8bbaf6ad38783a84ed9b54,ArakelovRH/SubClosure/Batch123LeafPush_Decomp6.lean,f7ba72e478f7febde2f53ab91484490ece0eb10aab15ba9c01309589f8222220
Core,arakelov-positivity-rh-core,da3b943c662f37c62f8bbaf6ad38783a84ed9b54,ArakelovRH/SubClosure/Batch124Polymath8b_Bridge.lean,8237da0ef7da6b248902a87b02fde55c0f552505f01754b808c20990cc503e5d
Core,arakelov-positivity-rh-core,da3b943c662f37c62f8bbaf6ad38783a84ed9b54,ArakelovRH/SubClosure/Batch125FinalLeaves_Decomp5.lean,c3a7534bd1718578f38c67c8141d849bae1e1e01248420c8516da1b6690d1ab7
Core,arakelov-positivity-rh-core,da3b943c662f37c62f8bbaf6ad38783a84ed9b54,ArakelovRH/SubClosure/Batch126Cascade_Decomp5.lean,d637f4dd92e43165018d7c0908f4d89b298e49ca7155c07b326748e2d28f0aa6
Core,arakelov-positivity-rh-core,da3b943c662f37c62f8bbaf6ad38783a84ed9b54,ArakelovRH/SubClosure/Batch127TerminalLeaves_Decomp5.lean,dd08da627b5b6d137143524d96b98259e4093bb637819cfd27bcf370fc7483c1
Core,arakelov-positivity-rh-core,da3b943c662f37c62f8bbaf6ad38783a84ed9b54,ArakelovRH/SubClosure/Batch128Cascades_Final5.lean,70f8dabb65aee3baecd43d509dd6eadc40c06121251a533f65e3de1ff198d8ae
Core,arakelov-positivity-rh-core,da3b943c662f37c62f8bbaf6ad38783a84ed9b54,ArakelovRH/SubClosure/Batch129GrandCascades.lean,5bd850751ac773d0ea06fbbc1f0042d0437e6ae4471a79c06267d20116f33289
Core,arakelov-positivity-rh-core,da3b943c662f37c62f8bbaf6ad38783a84ed9b54,ArakelovRH/SubClosure/Batch130ZFR_RE_Cascade.lean,2aed4a96b00ad25f7f240768191541d01e72eb13085bd7eeeea89b5b29baf66a
Core,arakelov-positivity-rh-core,da3b943c662f37c62f8bbaf6ad38783a84ed9b54,ArakelovRH/SubClosure/Batch131ZTL_CPS_Cascade.lean,00db8baf144f74e845e9840ce5d2b5d0075f00be83c974bf71c4b70c3f317725
Core,arakelov-positivity-rh-core,da3b943c662f37c62f8bbaf6ad38783a84ed9b54,ArakelovRH/SubClosure/Batch132BC6_CPS_Final.lean,d4d85b0248fb8742051cce955681e1f913084214bb92869eac8ccfd23db097ef
Core,arakelov-positivity-rh-core,da3b943c662f37c62f8bbaf6ad38783a84ed9b54,ArakelovRH/SubClosure/Batch133BC6_Combined_CPS.lean,3c1efe0cc9bf55713decc197a2585bb4772d292814cc9c3ebece05b231096cd4
Core,arakelov-positivity-rh-core,da3b943c662f37c62f8bbaf6ad38783a84ed9b54,ArakelovRH/SubClosure/Batch134GrandClosure.lean,faa7661473427e5c93ccc41aa5a56a21ca39db0a5385880afa293b1bf0d8cf08
Core,arakelov-positivity-rh-core,da3b943c662f37c62f8bbaf6ad38783a84ed9b54,ArakelovRH/SubClosure/Batch135FinalConnectors.lean,0900b8c82b5731eae5cfea277098e26e9f41a5f9ef2227f7606b5836228a015f
Core,arakelov-positivity-rh-core,da3b943c662f37c62f8bbaf6ad38783a84ed9b54,ArakelovRH/SubClosure/Batch136KimSarnak_Deep.lean,3f2366e0deff967ce8b42a7b4b1ae081ba4f6c7072a40d530e2fa97e7386f87e
Core,arakelov-positivity-rh-core,da3b943c662f37c62f8bbaf6ad38783a84ed9b54,ArakelovRH/SubClosure/Batch137BC6_Deep.lean,80926556eb80f4a55e44a72d8d98d31060dc94bec0b8f2d2e6784d4241bf9d2b
Core,arakelov-positivity-rh-core,da3b943c662f37c62f8bbaf6ad38783a84ed9b54,ArakelovRH/SubClosure/Batch138CPS_Deep.lean,cb01381cd55be50991478cdea4f77921a20bf3033d3f87ae6d4980339f8dccfa
Core,arakelov-positivity-rh-core,da3b943c662f37c62f8bbaf6ad38783a84ed9b54,ArakelovRH/SubClosure/Batch139IK_Deep.lean,dbf2eb9e84f1fb30c43201a73c36b057aea04063920f1887914e99ac2ff954fc
Core,arakelov-positivity-rh-core,da3b943c662f37c62f8bbaf6ad38783a84ed9b54,ArakelovRH/SubClosure/Batch140DeepIntegration.lean,b1cd9e67a82d8609275b4c7014c2568e0e33cb1f4fcfcb27dd668351255d6ee2
Core,arakelov-positivity-rh-core,da3b943c662f37c62f8bbaf6ad38783a84ed9b54,ArakelovRH/SubClosure/Batch141TrivialClosures.lean,5723bb17fecc9ea7f4fc387a84f5b113595dafcda12640f44d400b31c5b3ed7c
Core,arakelov-positivity-rh-core,da3b943c662f37c62f8bbaf6ad38783a84ed9b54,ArakelovRH/SubClosure/Batch142SatakeConditional.lean,84edb131c5b4b218a9d7a0ec8a4e80aaf14b46846fa5bc2609f8b61d636110f8
Core,arakelov-positivity-rh-core,da3b943c662f37c62f8bbaf6ad38783a84ed9b54,ArakelovRH/SubClosure/Batch143DeepClosure.lean,a35b157c319652f1460d0d20f28977da91be9910afce8d4eb15e7aa30dd408b9
Core,arakelov-positivity-rh-core,da3b943c662f37c62f8bbaf6ad38783a84ed9b54,ArakelovRH/SubClosure/Batch144HasseWiles.lean,d4f5629f86daa23b3a343703da0342729ca4ca5335a8066ba049647c19b99426
Core,arakelov-positivity-rh-core,da3b943c662f37c62f8bbaf6ad38783a84ed9b54,ArakelovRH/SubClosure/Batch145HasseDecomp.lean,ae3046f55ed44dd935b1782f2095bb6f38b2d75f827a36845de8f1990f13555a
Core,arakelov-positivity-rh-core,da3b943c662f37c62f8bbaf6ad38783a84ed9b54,ArakelovRH/SubClosure/Batch146FinalIntegration.lean,32c758575f00a03f317b4e1394c94d8456759976f26045f40fad4bf5ad80764b
Core,arakelov-positivity-rh-core,da3b943c662f37c62f8bbaf6ad38783a84ed9b54,ArakelovRH/SubClosure/Batch147RosatiDecomp.lean,86081cfbd9e6857070fe11281c8048106ca8d8bfe3cdd9551aba6c9fae34afb5
Core,arakelov-positivity-rh-core,da3b943c662f37c62f8bbaf6ad38783a84ed9b54,ArakelovRH/SubClosure/Batch148EichlerShimuraDecomp.lean,03c221c92f92b2cc545c2045339106dd1daf8d8ddef88942128b9b02a4a2771d
Core,arakelov-positivity-rh-core,da3b943c662f37c62f8bbaf6ad38783a84ed9b54,ArakelovRH/SubClosure/Batch149PointCounting.lean,680ddef55f6718e8890cf58ee17e13701d4b8e5d9e344ac9a96cff14be47188c
Core,arakelov-positivity-rh-core,da3b943c662f37c62f8bbaf6ad38783a84ed9b54,ArakelovRH/SubClosure/Batch150DegreeNonneg.lean,549d9be633d0d7884272037ed3c25c611376d7e66c406261d059ecca39eb345a
Core,arakelov-positivity-rh-core,da3b943c662f37c62f8bbaf6ad38783a84ed9b54,ArakelovRH/SubClosure/Batch151HeckeOperators.lean,91f32b4b3b20fe2236b3ffef28e7ab9c3a6d640592597550737d3751e03da25e
Core,arakelov-positivity-rh-core,da3b943c662f37c62f8bbaf6ad38783a84ed9b54,ArakelovRH/SubClosure/Batch152HeckeEigenformDecomp.lean,589485f9fadd3f3f29996b85a362836711b46c6be9c097ae5b6e56a1c8cd51d5
Core,arakelov-positivity-rh-core,da3b943c662f37c62f8bbaf6ad38783a84ed9b54,ArakelovRH/SubClosure/Batch153QExpDecomp.lean,ff41a71bf4e1a34e2848d4f16387d9c280ae2e6470f3253d585d9914b3bc68b6
Core,arakelov-positivity-rh-core,da3b943c662f37c62f8bbaf6ad38783a84ed9b54,ArakelovRH/SubClosure/Batch154CloseTrivialGaps.lean,684f72d11fb2e1f427fcf6c764e8881ff1e5f8ccd4af0e640abbca4a4666bd63
Core,arakelov-positivity-rh-core,da3b943c662f37c62f8bbaf6ad38783a84ed9b54,ArakelovRH/SubClosure/Batch155CloseIsogenyGaps.lean,05d7a2ccefbfadccf6f0dff7341e0c8bff639471bb3dd0a21365df1fbc99a725
Core,arakelov-positivity-rh-core,da3b943c662f37c62f8bbaf6ad38783a84ed9b54,ArakelovRH/SubClosure/Batch156HasseBoundClose.lean,4ff7cb27c3e4655122f6745421cfe6eb5a35d6f48456ccd03959e757ade6824b
Core,arakelov-positivity-rh-core,da3b943c662f37c62f8bbaf6ad38783a84ed9b54,ArakelovRH/SubClosure/Batch157QExpClose.lean,657a4c6421ee3202221bbd9f969856152fc1bdb197f1ebb0b98c948f1267daea
Core,arakelov-positivity-rh-core,da3b943c662f37c62f8bbaf6ad38783a84ed9b54,ArakelovRH/SubClosure/Batch158Unconditional.lean,4cc0fa04bde1ebe815cd31d19e909753360f1d43dbb2a6d3117245552a3add58
Core,arakelov-positivity-rh-core,da3b943c662f37c62f8bbaf6ad38783a84ed9b54,ArakelovRH/SubClosure/Batch25Closures.lean,ad4c27ce5441c9e590f7c92c3bf6fcc6335fb1051aa7cccd6021872f39d2a2f9
Core,arakelov-positivity-rh-core,da3b943c662f37c62f8bbaf6ad38783a84ed9b54,ArakelovRH/SubClosure/Batch26BC6Level3.lean,34cada12467c876b499fe95b5c0a5e637366a21a49230c483b9258bc9b9610d8
Core,arakelov-positivity-rh-core,da3b943c662f37c62f8bbaf6ad38783a84ed9b54,ArakelovRH/SubClosure/Batch26CPSLevel3.lean,6dbe40272c30ba5fff4ba3db75b2f8acfedbe1833a3b74d6c78ce0cc9eda208d
Core,arakelov-positivity-rh-core,da3b943c662f37c62f8bbaf6ad38783a84ed9b54,ArakelovRH/SubClosure/Batch26MasterLevel3.lean,8c8eda78fdcac9448198b00a03e2410560d118f4796e5b07d27afa0921f1ac89
Core,arakelov-positivity-rh-core,da3b943c662f37c62f8bbaf6ad38783a84ed9b54,ArakelovRH/SubClosure/Batch26WallCLevel3.lean,9318057e94d05502bb0ffc22282d0e15841594894bac8cf80233b5bfec2277a3
Core,arakelov-positivity-rh-core,da3b943c662f37c62f8bbaf6ad38783a84ed9b54,ArakelovRH/SubClosure/Batch26ZFRLevel3.lean,0c458cd7e1118a4efbcedc9eb70e7ae94f7d72b5ecf7a8d826c6e6177e514be9
Core,arakelov-positivity-rh-core,da3b943c662f37c62f8bbaf6ad38783a84ed9b54,ArakelovRH/SubClosure/Batch27BSLevel3.lean,191aa4e378da038dd0b601d75d8db4f6dcd1013d1d04864e71f1d5814aec4a31
Core,arakelov-positivity-rh-core,da3b943c662f37c62f8bbaf6ad38783a84ed9b54,ArakelovRH/SubClosure/Batch27EPLevel3.lean,df06ffbdf48af1e383fb79bc03bdced4b1e861b9defcfc8a107f1ed56cc7af99
Core,arakelov-positivity-rh-core,da3b943c662f37c62f8bbaf6ad38783a84ed9b54,ArakelovRH/SubClosure/Batch27FELevel3.lean,f404704b35e5c7fcec1be482633c406aa2a288a55d7795ad52ca871e81dd977d
Core,arakelov-positivity-rh-core,da3b943c662f37c62f8bbaf6ad38783a84ed9b54,ArakelovRH/SubClosure/Batch27IKLevel3.lean,be72c77611e643d35d9653e6884f66a96631672e2ac65364c64d6b93502adea0
Core,arakelov-positivity-rh-core,da3b943c662f37c62f8bbaf6ad38783a84ed9b54,ArakelovRH/SubClosure/Batch27MasterLevel3b.lean,dc2a45045c139ad903c1ad19e567918bfc58c9f06187bc5c2264de6f5a33926c
Core,arakelov-positivity-rh-core,da3b943c662f37c62f8bbaf6ad38783a84ed9b54,ArakelovRH/SubClosure/Batch27RSILevel3.lean,01cc4085ea4a00982926fd38792a81c1f99d6cd1ffa9085aa2305a30f7c87682
Core,arakelov-positivity-rh-core,da3b943c662f37c62f8bbaf6ad38783a84ed9b54,ArakelovRH/SubClosure/Batch28ActualClosures.lean,f06d493070a9332ecf69b093ca631ccc157daf065d7672558fcfa138569c51b9
Core,arakelov-positivity-rh-core,da3b943c662f37c62f8bbaf6ad38783a84ed9b54,ArakelovRH/SubClosure/Batch28GammaHolom.lean,7145dc789eece1971de121342ed6b860359bf63ec3daf549bf0414b76d6089de
Core,arakelov-positivity-rh-core,da3b943c662f37c62f8bbaf6ad38783a84ed9b54,ArakelovRH/SubClosure/Batch28MasterCert.lean,dfa150449b39216c01fee31e1b9f36d195224b7f83cd00489cfb046f12824ea2
Core,arakelov-positivity-rh-core,da3b943c662f37c62f8bbaf6ad38783a84ed9b54,ArakelovRH/SubClosure/Batch29LevelFour.lean,108c122035b5575ef727e221cde8947fdfb3af2af560e34484f7eea3dddc7650
Core,arakelov-positivity-rh-core,da3b943c662f37c62f8bbaf6ad38783a84ed9b54,ArakelovRH/SubClosure/Batch29MasterCertC.lean,b243b4902704c389cdd554e1a92d779634e82bed130d8d6d33be2c19cb554c89
Core,arakelov-positivity-rh-core,da3b943c662f37c62f8bbaf6ad38783a84ed9b54,ArakelovRH/SubClosure/Batch29WallCBound.lean,c4af92971ee886d5f0752312c0465e58d658fe48401ff36b468d0cf3c9150bd6
Core,arakelov-positivity-rh-core,da3b943c662f37c62f8bbaf6ad38783a84ed9b54,ArakelovRH/SubClosure/Batch30ClassNumArith.lean,0991e2e9f6c991d60d82e5fd9d5b5371013c33f3132897ce200c7651c3144873
Core,arakelov-positivity-rh-core,da3b943c662f37c62f8bbaf6ad38783a84ed9b54,ArakelovRH/SubClosure/Batch30IKPoleDecomp.lean,91a82075e24b902f031b0501b1d39ef5959956acc4693028042fd4464164674d
Core,arakelov-positivity-rh-core,da3b943c662f37c62f8bbaf6ad38783a84ed9b54,ArakelovRH/SubClosure/Batch30MasterCertD.lean,47bb68177264d7e0290c4e1dc4658dd7da5be71c4b10c97b780b751d3e356e28
Core,arakelov-positivity-rh-core,da3b943c662f37c62f8bbaf6ad38783a84ed9b54,ArakelovRH/SubClosure/Batch30RamanujanAlg.lean,0b39ef0b73084666dc004f9918979d50cf5621f73cbb1c7848874d39c3c67d9d
Core,arakelov-positivity-rh-core,da3b943c662f37c62f8bbaf6ad38783a84ed9b54,ArakelovRH/SubClosure/Batch31BC6Bridge.lean,c02863cac419fc9db2c2e8241229feda12a0962b7a418837c8beb85d80e5a9c4
Core,arakelov-positivity-rh-core,da3b943c662f37c62f8bbaf6ad38783a84ed9b54,ArakelovRH/SubClosure/Batch31GenusCM.lean,9405163109731d0610cca41245aa493de1bf5abca77eccbb8d57e44b48f23ed4
Core,arakelov-positivity-rh-core,da3b943c662f37c62f8bbaf6ad38783a84ed9b54,ArakelovRH/SubClosure/Batch31MasterCertE.lean,47854f58ceaf270e2cd7f0b506ae28690d92ae038776d38834b2aeea8cf2bbaf
Core,arakelov-positivity-rh-core,da3b943c662f37c62f8bbaf6ad38783a84ed9b54,ArakelovRH/SubClosure/Batch32IKZetaPole.lean,125083a3a69c72b5048fb022fd24e494d833d54f96c02e1645e77d8e3318f59b
Core,arakelov-positivity-rh-core,da3b943c662f37c62f8bbaf6ad38783a84ed9b54,ArakelovRH/SubClosure/Batch32MasterCertF.lean,c673d648270cffbc9116a335f273fc5a0ad763881dcf74adce8d1f0da220eb91
Core,arakelov-positivity-rh-core,da3b943c662f37c62f8bbaf6ad38783a84ed9b54,ArakelovRH/SubClosure/Batch32WallCKernel.lean,6793ffe5c3e287518066e719ca92b1167dfea8d06ea39e76510c3fd9eca9a758
Core,arakelov-positivity-rh-core,da3b943c662f37c62f8bbaf6ad38783a84ed9b54,ArakelovRH/SubClosure/Batch33FEDecomp.lean,c8a63f75d7fb1ebbeb36c3d236db26be83cc30a094c42b08595bea2b582368ac
Core,arakelov-positivity-rh-core,da3b943c662f37c62f8bbaf6ad38783a84ed9b54,ArakelovRH/SubClosure/Batch33MasterCertG.lean,53c480dfd8104be4d942790edf60bdfb24803a0f56815b9315d2471ca127356b
Core,arakelov-positivity-rh-core,da3b943c662f37c62f8bbaf6ad38783a84ed9b54,ArakelovRH/SubClosure/Batch33WGDecomp.lean,e997eaa9f53aa36d38fdc90c42176c82e1a493a59d40486c71308c021bb9bf0a
Core,arakelov-positivity-rh-core,da3b943c662f37c62f8bbaf6ad38783a84ed9b54,ArakelovRH/SubClosure/Batch33ZFRDecomp.lean,317ea3b07c59ae4dd56a877f4d0b968fa747091834c93cfa4016b92961cca07e
Core,arakelov-positivity-rh-core,da3b943c662f37c62f8bbaf6ad38783a84ed9b54,ArakelovRH/SubClosure/Batch34BSVertical.lean,7cfcc891c28a6aafe2a4822ff856f8a22b0ad1422c0c5b4876393437c3f0180c
Core,arakelov-positivity-rh-core,da3b943c662f37c62f8bbaf6ad38783a84ed9b54,ArakelovRH/SubClosure/Batch34MasterCertH.lean,712e5c1ba2c0c8cc4f248d37224036e51ed8e9df2db97867c16a807492b9c6d6
Core,arakelov-positivity-rh-core,da3b943c662f37c62f8bbaf6ad38783a84ed9b54,ArakelovRH/SubClosure/Batch34WGSpectral.lean,12649fdb0bd2c96a75fbfa4ab8f4afd9ee2aafd48d9f5e8ad0de7a94b812286f
Core,arakelov-positivity-rh-core,da3b943c662f37c62f8bbaf6ad38783a84ed9b54,ArakelovRH/SubClosure/Batch34ZFRCombinator.lean,eff700033c28b133a04efd905c989790972646e4008ff93ed9c1ee3f28d53afc
Core,arakelov-positivity-rh-core,da3b943c662f37c62f8bbaf6ad38783a84ed9b54,ArakelovRH/SubClosure/Batch35EFDecomp.lean,438b38769d71ef9b702dd9b631c8323720473dcfee92148afd7d055ee1537686
Core,arakelov-positivity-rh-core,da3b943c662f37c62f8bbaf6ad38783a84ed9b54,ArakelovRH/SubClosure/Batch35MasterCertI.lean,68a4dce65e48fec0567f63fcdf8cf0eb6f4bc070810f7204ab4960e3e4e3f71c
Core,arakelov-positivity-rh-core,da3b943c662f37c62f8bbaf6ad38783a84ed9b54,ArakelovRH/SubClosure/Batch35VBRight.lean,44903e2fe83648d66ca3c3b2bcb934f1215ca2dda6bd2dca9621940e9c3436dc
Core,arakelov-positivity-rh-core,da3b943c662f37c62f8bbaf6ad38783a84ed9b54,ArakelovRH/SubClosure/Batch35ZFREquiv.lean,a27df943b061b826f16d227f05ca92b40f0739a355e67515ce27aa10f22bd9a0
Core,arakelov-positivity-rh-core,da3b943c662f37c62f8bbaf6ad38783a84ed9b54,ArakelovRH/SubClosure/Batch36BinetDecomp.lean,aea050927532d501c6d5abe164a91b01dfe511038a68588262610e4fb00e75ad
Core,arakelov-positivity-rh-core,da3b943c662f37c62f8bbaf6ad38783a84ed9b54,ArakelovRH/SubClosure/Batch36MasterCertJ.lean,29b5560f2d5d91e26d78b00a3b427e71e603c28f7516b22d1aa1824955f5b70f
Core,arakelov-positivity-rh-core,da3b943c662f37c62f8bbaf6ad38783a84ed9b54,ArakelovRH/SubClosure/Batch36WGOffset.lean,d44fa256d214c7b35a0456330e5a91e957c46497243a18e175cede159b297203
Core,arakelov-positivity-rh-core,da3b943c662f37c62f8bbaf6ad38783a84ed9b54,ArakelovRH/SubClosure/Batch37LaplaceGamma.lean,a81cba99ac10cceb3e40ec8582d2c8cfe37b133a38fcc2495438505756791695
Core,arakelov-positivity-rh-core,da3b943c662f37c62f8bbaf6ad38783a84ed9b54,ArakelovRH/SubClosure/Batch37MasterCertK.lean,30044eac60621d590aade3dd72156eeadfbba5589f23160a9aabcd58e543c60a
Core,arakelov-positivity-rh-core,da3b943c662f37c62f8bbaf6ad38783a84ed9b54,ArakelovRH/SubClosure/Batch37ZFRPoussin.lean,f7dd0df52a7a994bf1e531d1e5d092d75b05d92b51cc2b106c31f2933324dd79
Core,arakelov-positivity-rh-core,da3b943c662f37c62f8bbaf6ad38783a84ed9b54,ArakelovRH/SubClosure/Batch38CompactZFR.lean,b45295bccd567736d15e8c4aaaa607fc7c6006fd7096a6d196f6f96cf6acd159
Core,arakelov-positivity-rh-core,da3b943c662f37c62f8bbaf6ad38783a84ed9b54,ArakelovRH/SubClosure/Batch38LaplaceProof.lean,42704aef70b2a39423fb71d753fab65460b413753b9abbd7f57b9507e9029c2e
Core,arakelov-positivity-rh-core,da3b943c662f37c62f8bbaf6ad38783a84ed9b54,ArakelovRH/SubClosure/Batch38MasterCertL.lean,47c89dd8953367608ac90f4599c98710d9e68a0f34003e0aa94c0222a3ce9fb4
Core,arakelov-positivity-rh-core,da3b943c662f37c62f8bbaf6ad38783a84ed9b54,ArakelovRH/SubClosure/Batch39LaplaceIoi.lean,9c9bf2dc5ea4ddce0ba4d9ba141da928dd35d0fe9b98a867d41edbabb9c20e5f
Core,arakelov-positivity-rh-core,da3b943c662f37c62f8bbaf6ad38783a84ed9b54,ArakelovRH/SubClosure/Batch39MasterCertM.lean,e62bc576be27893eb3cdaa03ddae35d0577df847edfeb2682c6d81589d71a10a
Core,arakelov-positivity-rh-core,da3b943c662f37c62f8bbaf6ad38783a84ed9b54,ArakelovRH/SubClosure/Batch39ZFRAnalytic.lean,10bda98310c3d8f0c5353ce437573f2b2b5e8e229fa24f2f245acb6ca7cf373a
Core,arakelov-positivity-rh-core,da3b943c662f37c62f8bbaf6ad38783a84ed9b54,ArakelovRH/SubClosure/Batch40BinetFormula.lean,552efefbf93056615fd24fdc5edb76e0c729ebca3de73bc19daef251b351e752
Core,arakelov-positivity-rh-core,da3b943c662f37c62f8bbaf6ad38783a84ed9b54,ArakelovRH/SubClosure/Batch40LaplaceGammaClose.lean,da9f942608fb5c7afcb2e96d8af0267117e3f569e39347cdca309b70015bf770
Core,arakelov-positivity-rh-core,da3b943c662f37c62f8bbaf6ad38783a84ed9b54,ArakelovRH/SubClosure/Batch40MasterCertN.lean,b200d8b06038f21e3d38a306aabf307ddf2c80943d89b04b09005b4a9e74d828
Core,arakelov-positivity-rh-core,da3b943c662f37c62f8bbaf6ad38783a84ed9b54,ArakelovRH/SubClosure/Batch41IoiGammaClose.lean,1972338550883935667cdcb62ff56421c75b27dbf8608238269d20a43316845f
Core,arakelov-positivity-rh-core,da3b943c662f37c62f8bbaf6ad38783a84ed9b54,ArakelovRH/SubClosure/Batch41MasterCertO.lean,bbe1dce8ae9ae8bd67952bd161f8d160f59290124b9988086799f9a6ab139b11
Core,arakelov-positivity-rh-core,da3b943c662f37c62f8bbaf6ad38783a84ed9b54,ArakelovRH/SubClosure/Batch41ZFRIsolation.lean,74b7c43cf5eba4917baa6a85dea6ab756201b79e2921325c76e2f2e19d5839af
Core,arakelov-positivity-rh-core,da3b943c662f37c62f8bbaf6ad38783a84ed9b54,ArakelovRH/SubClosure/Batch42LaplaceSubst.lean,c50e75dc5ceedcb0d8b4134273f6765ab73c90431222ac9ac49a2494b2cd0970
Core,arakelov-positivity-rh-core,da3b943c662f37c62f8bbaf6ad38783a84ed9b54,ArakelovRH/SubClosure/Batch42MasterCertP.lean,475bf774511a076147430c11d55b448e69e32760a9a9b1107595f32c725cccc3
Core,arakelov-positivity-rh-core,da3b943c662f37c62f8bbaf6ad38783a84ed9b54,ArakelovRH/SubClosure/Batch42ZFRIdentityThm.lean,367195ae8ef0a10f4cc0ed080a6e6bac7013889ddd6aef851dad032ccd2f9dc6
Core,arakelov-positivity-rh-core,da3b943c662f37c62f8bbaf6ad38783a84ed9b54,ArakelovRH/SubClosure/Batch43FTCIoi.lean,06fd6daa436a4bcf28ebbf52c59f20b0a65cfc429809a236fd67e154c7704dd4
Core,arakelov-positivity-rh-core,da3b943c662f37c62f8bbaf6ad38783a84ed9b54,ArakelovRH/SubClosure/Batch43MasterCertQ.lean,f45093df6fbfaba4d61d93236854d94f1537e01d3b4266a97759cec1814e246d
Core,arakelov-positivity-rh-core,da3b943c662f37c62f8bbaf6ad38783a84ed9b54,ArakelovRH/SubClosure/Batch43ZFRAnalytic.lean,060aee4d6027bb00c973065b2e9067210fa42836b03aa46ecdc4b6bd00c0e2fa
Core,arakelov-positivity-rh-core,da3b943c662f37c62f8bbaf6ad38783a84ed9b54,ArakelovRH/SubClosure/Batch44BinetGauss.lean,4e8c6dae0af4121a08a6e477f67f0fa4d86722a93d52f8b2071c94e9a36ee4ad
Core,arakelov-positivity-rh-core,da3b943c662f37c62f8bbaf6ad38783a84ed9b54,ArakelovRH/SubClosure/Batch44MasterCertR.lean,eee75fca3beaf39132d66abb22a7fcb3e728cd646fa3fdac16581b014ffc700c
Core,arakelov-positivity-rh-core,da3b943c662f37c62f8bbaf6ad38783a84ed9b54,ArakelovRH/SubClosure/Batch44ZFRLambda.lean,49bbc970f6c343211a3c3a3ee5a4f7be14f289e80731b8bd5bc4d27088eae727
Core,arakelov-positivity-rh-core,da3b943c662f37c62f8bbaf6ad38783a84ed9b54,ArakelovRH/SubClosure/Batch45LaplaceFTC.lean,844be5daaef2ac9d80fed4a6403b1a5e42caabd93c4a3bb55a051fab564818d0
Core,arakelov-positivity-rh-core,da3b943c662f37c62f8bbaf6ad38783a84ed9b54,ArakelovRH/SubClosure/Batch45MasterCertS.lean,97db20b1582cfa415dd3cf33490899ecc1fa8c43b71a05f5e2190ae6febb7254
Core,arakelov-positivity-rh-core,da3b943c662f37c62f8bbaf6ad38783a84ed9b54,ArakelovRH/SubClosure/Batch45ZFRRegion.lean,813207e2a89773ac0d5b5350fa3834cf51a726710f77550c1d481c391ccc91b5
Core,arakelov-positivity-rh-core,da3b943c662f37c62f8bbaf6ad38783a84ed9b54,ArakelovRH/SubClosure/Batch46BinetClose.lean,d9e79f64d0c22179f7e957e20712d0f7619fce942c61972f5fa097c2c80bd2cc
Core,arakelov-positivity-rh-core,da3b943c662f37c62f8bbaf6ad38783a84ed9b54,ArakelovRH/SubClosure/Batch46HodgeBridge.lean,653c56a81e9e2d8c50c4eea2823658f095bd3564f6614f8031d3e1824294de21
Core,arakelov-positivity-rh-core,da3b943c662f37c62f8bbaf6ad38783a84ed9b54,ArakelovRH/SubClosure/Batch46MasterCertT.lean,b906e948accf0fc38f7eaca16e22422a9a807919c1b1a2c9e08259e53d5be109
Core,arakelov-positivity-rh-core,da3b943c662f37c62f8bbaf6ad38783a84ed9b54,ArakelovRH/SubClosure/Batch47HadamardDecomp.lean,86660262d04b23c499cc40cb5d43a1683bbd12d5b8d0406b9ab43b780e1b9a02
Core,arakelov-positivity-rh-core,da3b943c662f37c62f8bbaf6ad38783a84ed9b54,ArakelovRH/SubClosure/Batch47MasterCertU.lean,450d4988c2dd2e048a12f71ccf274a8a371b23a49730c8ba64a9f1525ee878f1
Core,arakelov-positivity-rh-core,da3b943c662f37c62f8bbaf6ad38783a84ed9b54,ArakelovRH/SubClosure/Batch47WallCClose.lean,7c7a47aa4a4e07e657d1261af2f9699f44f4538ade0c3edd8ec39ff1eebfb889
Core,arakelov-positivity-rh-core,da3b943c662f37c62f8bbaf6ad38783a84ed9b54,ArakelovRH/SubClosure/Batch47ZFRLevel6.lean,c62d49a378c320673570a8dc4fb3c7b135be86e34062851cba098246395702d7
Core,arakelov-positivity-rh-core,da3b943c662f37c62f8bbaf6ad38783a84ed9b54,ArakelovRH/SubClosure/Batch48MasterCertV.lean,5a9cc34758a512d8a19542be88f4572773b6870b67164c02e60773143e5905d2
Core,arakelov-positivity-rh-core,da3b943c662f37c62f8bbaf6ad38783a84ed9b54,ArakelovRH/SubClosure/Batch48WallBDecomp.lean,62b8877f4230171e16d75bae8eeae522823dc1557b809caee05e4a93504edaac
Core,arakelov-positivity-rh-core,da3b943c662f37c62f8bbaf6ad38783a84ed9b54,ArakelovRH/SubClosure/Batch48WallCDecomp.lean,d5fc98a3d22b4ad47916a5dbcbef60866223f975019525f69af903248a5952dd
Core,arakelov-positivity-rh-core,da3b943c662f37c62f8bbaf6ad38783a84ed9b54,ArakelovRH/SubClosure/Batch48WallDPoussin.lean,0b9d73aaa3a7032327bef4e7a862e800eb9b27d55fe54334a750317783770bc1
Core,arakelov-positivity-rh-core,da3b943c662f37c62f8bbaf6ad38783a84ed9b54,ArakelovRH/SubClosure/Batch49DirectClose.lean,793e818615c5eaa6e656a52c63e865a272df4c87bfce69ba641a7dc421377488
Core,arakelov-positivity-rh-core,da3b943c662f37c62f8bbaf6ad38783a84ed9b54,ArakelovRH/SubClosure/Batch49GrandConditional.lean,040180a5eb5a5a415be6602768ed94d4ab9ba8a78b48fc93b82307183eb3e29b
Core,arakelov-positivity-rh-core,da3b943c662f37c62f8bbaf6ad38783a84ed9b54,ArakelovRH/SubClosure/Batch49MasterCertVI.lean,8273e0fa88eaa63ab97c92273de234abeef817b4ab092b77e9566f9318f30746
Core,arakelov-positivity-rh-core,da3b943c662f37c62f8bbaf6ad38783a84ed9b54,ArakelovRH/SubClosure/Batch50MasterCertVII.lean,10270a99887cd6c1b1447ba24da280bc51602b56181ffcceeedf61ab437de48d
Core,arakelov-positivity-rh-core,da3b943c662f37c62f8bbaf6ad38783a84ed9b54,ArakelovRH/SubClosure/Batch50SurfaceDecomp.lean,24d1d8742812ef2f2c7628179e11d9401358401ebd3bdc092bcfa500bb697a83
Core,arakelov-positivity-rh-core,da3b943c662f37c62f8bbaf6ad38783a84ed9b54,ArakelovRH/SubClosure/Batch50WallCClose.lean,854578ef7c6a2af6ecc10de2dfc70f7ed0e77790d6ab5646b90edea270ac4d5e
Core,arakelov-positivity-rh-core,da3b943c662f37c62f8bbaf6ad38783a84ed9b54,ArakelovRH/SubClosure/Batch51AtomicClose.lean,8ad561d7867f4a2a22386ef600b04b8d200d719fdd73c4b5ea1dab8010573a44
Core,arakelov-positivity-rh-core,da3b943c662f37c62f8bbaf6ad38783a84ed9b54,ArakelovRH/SubClosure/Batch51MasterCertVIII.lean,2d4087a52bd3282a1325fa816b895998d4f99dff8c647f89c89e97f8bad6d717
Core,arakelov-positivity-rh-core,da3b943c662f37c62f8bbaf6ad38783a84ed9b54,ArakelovRH/SubClosure/Batch52MasterCertIX.lean,3abb569d0079c95ed4b95c142d856340221381d3e87ffb083baa9fde84f3fa1f
Core,arakelov-positivity-rh-core,da3b943c662f37c62f8bbaf6ad38783a84ed9b54,ArakelovRH/SubClosure/Batch52WallCProgress.lean,2c6760326720e7eafe22d8a5c276e40838971b5bb2482c20856c97ffcb99471b
Core,arakelov-positivity-rh-core,da3b943c662f37c62f8bbaf6ad38783a84ed9b54,ArakelovRH/SubClosure/Batch53MasterCertX.lean,7123efe384ce00e6381553fb970c357db19ed1785030bf253b94d0df58da92cf
Core,arakelov-positivity-rh-core,da3b943c662f37c62f8bbaf6ad38783a84ed9b54,ArakelovRH/SubClosure/Batch53WallCDigamma.lean,12ced0fa93222741103d6d6861573e65677acec458de35864ee0aabb89fe0a31
Core,arakelov-positivity-rh-core,da3b943c662f37c62f8bbaf6ad38783a84ed9b54,ArakelovRH/SubClosure/Batch54AuditClose.lean,c955db2fbc390002dd82920b01df88577e9d6736ca055455902a87638f0ddaee
Core,arakelov-positivity-rh-core,da3b943c662f37c62f8bbaf6ad38783a84ed9b54,ArakelovRH/SubClosure/Batch55MasterCertXI.lean,555da165f8676ece04bf93d4b1cbd28a035a93b2d29d84fbf7980fd2b82303cc
Core,arakelov-positivity-rh-core,da3b943c662f37c62f8bbaf6ad38783a84ed9b54,ArakelovRH/SubClosure/Batch55WallCClose.lean,3fd990ce000e88402babef27780a42eb6511ff3b472028fe8549f43f4aafb895
Core,arakelov-positivity-rh-core,da3b943c662f37c62f8bbaf6ad38783a84ed9b54,ArakelovRH/SubClosure/Batch56MasterCertXII.lean,ebef64a38a8421c055ff531583def22b161c45ab924609b4c2baa670bf4a5fb2
Core,arakelov-positivity-rh-core,da3b943c662f37c62f8bbaf6ad38783a84ed9b54,ArakelovRH/SubClosure/Batch56WallCFinalD.lean,007b516422bfd0136c9dfe49da34768fc27a4ebdfd711a6a9dfccbcf9c2fa57e
Core,arakelov-positivity-rh-core,da3b943c662f37c62f8bbaf6ad38783a84ed9b54,ArakelovRH/SubClosure/Batch57MasterCertXIII.lean,46f01257bfb4011613ad7a2b6e8f81715c9db7665cb11c2d46bb34b044ab24c9
Core,arakelov-positivity-rh-core,da3b943c662f37c62f8bbaf6ad38783a84ed9b54,ArakelovRH/SubClosure/Batch57WallDPoussin.lean,444c78b969f0300e61a7e7b04f92a5ae4650a55d7cf125e2b03b8d9590abec96
Core,arakelov-positivity-rh-core,da3b943c662f37c62f8bbaf6ad38783a84ed9b54,ArakelovRH/SubClosure/Batch58WallCIKChain.lean,2f4fe820d739851c74c342b402ec1ad9bdd87587baf62627870b5d151fe006eb
Core,arakelov-positivity-rh-core,da3b943c662f37c62f8bbaf6ad38783a84ed9b54,ArakelovRH/SubClosure/Batch59IKSurfaceDecomp.lean,4c091469f9b1aed46b8ab9ca2d608d968055c46a29038d69f194e687a121cefb
Core,arakelov-positivity-rh-core,da3b943c662f37c62f8bbaf6ad38783a84ed9b54,ArakelovRH/SubClosure/Batch59MasterCertXIV.lean,1a78e520e245e65a6e7e29af2e5b5302b99080b353053d5169c22b9f20fc8967
Core,arakelov-positivity-rh-core,da3b943c662f37c62f8bbaf6ad38783a84ed9b54,ArakelovRH/SubClosure/Batch60DiGammaClose.lean,140a5b058db8b26aa0d6b6c91c638a5cd8257b4f622cc3d19f1c6152ae9404b8
Core,arakelov-positivity-rh-core,da3b943c662f37c62f8bbaf6ad38783a84ed9b54,ArakelovRH/SubClosure/Batch60MasterCertXV.lean,0329c734d19faf6825c2533025659851e0327850561d072dff6b6d671d02aee3
Core,arakelov-positivity-rh-core,da3b943c662f37c62f8bbaf6ad38783a84ed9b54,ArakelovRH/SubClosure/Batch61HarmonicTSum.lean,2dad417693135d1f45052834f02b1c242170214f0b043070516085b649edbc18
Core,arakelov-positivity-rh-core,da3b943c662f37c62f8bbaf6ad38783a84ed9b54,ArakelovRH/SubClosure/Batch61MasterCertXVI.lean,e11b02853ad1520088ed490b965b9f46cabd09cc472e5ab4bebf4ce5059f50b5
Core,arakelov-positivity-rh-core,da3b943c662f37c62f8bbaf6ad38783a84ed9b54,ArakelovRH/SubClosure/Batch62AnalyticExt.lean,1486a42c18025241b5d746a621889c2d2c32cdd1dff0bcc75e6252574930c5e3
Core,arakelov-positivity-rh-core,da3b943c662f37c62f8bbaf6ad38783a84ed9b54,ArakelovRH/SubClosure/Batch62MasterCertXVII.lean,04e4b46afc64dccab95aea4df2f0b2151223279798b125417181ca5a2790cf7c
Core,arakelov-positivity-rh-core,da3b943c662f37c62f8bbaf6ad38783a84ed9b54,ArakelovRH/SubClosure/Batch63GammaSeqConv.lean,40d208fc7977a409f7c51dc2cbaa8792b4630c8dca71d7c3c05ad4e7b4b281c6
Core,arakelov-positivity-rh-core,da3b943c662f37c62f8bbaf6ad38783a84ed9b54,ArakelovRH/SubClosure/Batch63MasterCertXVIII.lean,ce2a2663cf691f55a38ba605ada082952d966b32d1b7a10a9449210e1683b30c
Core,arakelov-positivity-rh-core,da3b943c662f37c62f8bbaf6ad38783a84ed9b54,ArakelovRH/SubClosure/Batch64GammaSeqDeriv.lean,12ac1e121fa1882e2b501c16f93c3170ae0c0a25091576ccf39f016f1b6758e6
Core,arakelov-positivity-rh-core,da3b943c662f37c62f8bbaf6ad38783a84ed9b54,ArakelovRH/SubClosure/Batch64MasterCertXIX.lean,8ae5dce4a39dea6e08a75eb5be115188afb7795975b4444b89c5718becce74ff
Core,arakelov-positivity-rh-core,da3b943c662f37c62f8bbaf6ad38783a84ed9b54,ArakelovRH/SubClosure/Batch65MasterCertXX.lean,853430254164b62e2ae4af6773ab0a33075b65c791436f9d2127d692b0926902
Core,arakelov-positivity-rh-core,da3b943c662f37c62f8bbaf6ad38783a84ed9b54,ArakelovRH/SubClosure/Batch65WallCClose.lean,0acde7b3e7e2b92e79cebb5f30bb97f896615ebee29df5dac0867ce6615b76d0
Core,arakelov-positivity-rh-core,da3b943c662f37c62f8bbaf6ad38783a84ed9b54,ArakelovRH/SubClosure/Batch66MasterCertXXI.lean,59b1a6fc6ce2c425d85a875185ffa3e9ec379f705991c6c6f850a334e0758c75
Core,arakelov-positivity-rh-core,da3b943c662f37c62f8bbaf6ad38783a84ed9b54,ArakelovRH/SubClosure/Batch66WallCEM.lean,3f2ff06c88928d8558250306198e3ae920032a42d8569ebb57ca9f4df4b90360
Core,arakelov-positivity-rh-core,da3b943c662f37c62f8bbaf6ad38783a84ed9b54,ArakelovRH/SubClosure/Batch67HasDerivAt.lean,14f6f561b5b5bae5ef24fcf90ed7ca670dbdb05cc73254bed21ec7808e25a77f
Core,arakelov-positivity-rh-core,da3b943c662f37c62f8bbaf6ad38783a84ed9b54,ArakelovRH/SubClosure/Batch67MasterCertXXII.lean,f35650576d801eb4d7f98fbfbf89ac0aca6282a0de8006918f5ce113d0446876
Core,arakelov-positivity-rh-core,da3b943c662f37c62f8bbaf6ad38783a84ed9b54,ArakelovRH/SubClosure/Batch68MasterCertXXIII.lean,8be73ecad03e5a00e6bee7fec3ecfb28ded26a99ca562571d1b8b166b2c24bbd
Core,arakelov-positivity-rh-core,da3b943c662f37c62f8bbaf6ad38783a84ed9b54,ArakelovRH/SubClosure/Batch68Weierstrass.lean,0fdc729bf930bc209f8dcbc4a213fc7d63721199eb1007d8acef9a6c2dc72abc
Core,arakelov-positivity-rh-core,da3b943c662f37c62f8bbaf6ad38783a84ed9b54,ArakelovRH/SubClosure/Batch69LocalUnif.lean,d1f8437885faba1ff3eea12401c497b3b84376620e9b686a9cb10189ffcae085
Core,arakelov-positivity-rh-core,da3b943c662f37c62f8bbaf6ad38783a84ed9b54,ArakelovRH/SubClosure/Batch70LocalUnifProof.lean,990d70d618c0199e56baa26163f06f016b5b3d0a38a13b33b035ba089e94b3d2
Core,arakelov-positivity-rh-core,da3b943c662f37c62f8bbaf6ad38783a84ed9b54,ArakelovRH/SubClosure/Batch70MasterCert.lean,97b995fc93c4c4ec9c0555c4dae2b407e6b9ba42d1795ac655b8a3c3cb6e3cd5
Core,arakelov-positivity-rh-core,da3b943c662f37c62f8bbaf6ad38783a84ed9b54,ArakelovRH/SubClosure/Batch71HodgeCMFrobenius.lean,a80a18e46e4bdf60c0a81fc2e0ec9773810cb80885014e2c297d94357b369b51
Core,arakelov-positivity-rh-core,da3b943c662f37c62f8bbaf6ad38783a84ed9b54,ArakelovRH/SubClosure/Batch71MasterCert.lean,36fc325c1e11a4e0ef6219144d2ee924bae509081e6b05c9ade32ebd5a7305be
Core,arakelov-positivity-rh-core,da3b943c662f37c62f8bbaf6ad38783a84ed9b54,ArakelovRH/SubClosure/Batch72MasterCert.lean,1de2beea29195a4c7e44d664b8e2593bd9ba6778b38c00f26e4b7c251287485e
Core,arakelov-positivity-rh-core,da3b943c662f37c62f8bbaf6ad38783a84ed9b54,ArakelovRH/SubClosure/Batch72WallBRefactor.lean,f3a12c239c2f690ad2c484bcf83da642eb1f4eeed87ae8e9ed4b7d1d13ae386e
Core,arakelov-positivity-rh-core,da3b943c662f37c62f8bbaf6ad38783a84ed9b54,ArakelovRH/SubClosure/Batch73ExplicitFormulaCert.lean,f55121cce85953d015499244f3cc6efbe8251a91a37d6702b6ce3023efb991a0
Core,arakelov-positivity-rh-core,da3b943c662f37c62f8bbaf6ad38783a84ed9b54,ArakelovRH/SubClosure/Batch73MasterCert.lean,909919ae358971dc4933539bdfbc462a6bcf1a0f4012615b043022ba940ba67f
Core,arakelov-positivity-rh-core,da3b943c662f37c62f8bbaf6ad38783a84ed9b54,ArakelovRH/SubClosure/Batch74MasterCert.lean,028b8ba68e7ccbadf6420b83427396898689c46b454c3ae5e4c0db54ca964a4e
Core,arakelov-positivity-rh-core,da3b943c662f37c62f8bbaf6ad38783a84ed9b54,ArakelovRH/SubClosure/Batch74WeilNonTrivial.lean,dbb60fbdef2817eb0d2cedd5053a8586a7242b341fec823514934ef6d918f960
Core,arakelov-positivity-rh-core,da3b943c662f37c62f8bbaf6ad38783a84ed9b54,ArakelovRH/SubClosure/Batch75GateM1Decomp.lean,94bc86d9ee949b271620f531874d65a59a3e8887361dbf741be2fc968e842ebc
Core,arakelov-positivity-rh-core,da3b943c662f37c62f8bbaf6ad38783a84ed9b54,ArakelovRH/SubClosure/Batch75MasterCert.lean,29617c817362da6d71ebef032443815e8039a6b37ca46fe68a8f913ad332b8a5
Core,arakelov-positivity-rh-core,da3b943c662f37c62f8bbaf6ad38783a84ed9b54,ArakelovRH/SubClosure/Batch76MasterCert.lean,a57ea4459a31c0a4a992961456a2876fa9cdfcfc6ed6368e7b4c94e97e4922ea
Core,arakelov-positivity-rh-core,da3b943c662f37c62f8bbaf6ad38783a84ed9b54,ArakelovRH/SubClosure/Batch76TentFunctionClose.lean,5445de34ba69540364e663c5706c533daa9609d727e4d86a93ffe6d72c4ec7e5
Core,arakelov-positivity-rh-core,da3b943c662f37c62f8bbaf6ad38783a84ed9b54,ArakelovRH/SubClosure/Batch77GateBCCollapse.lean,df1374493b19ddd845e12ec84e7cc981f01d781064b46e9da4f6c9a37b1132d4
Core,arakelov-positivity-rh-core,da3b943c662f37c62f8bbaf6ad38783a84ed9b54,ArakelovRH/SubClosure/Batch77GateCPSCollapse.lean,5a25fc5aca62cd4db4438dc978aecd4b2f422d34b5b59b4c647b977792fe8c06
Core,arakelov-positivity-rh-core,da3b943c662f37c62f8bbaf6ad38783a84ed9b54,ArakelovRH/SubClosure/Batch77GateIKCollapse.lean,9405f3a53612abfe279dc1bcc252c2aa239634b4ff8526ceaebe1784125ad0d0
Core,arakelov-positivity-rh-core,da3b943c662f37c62f8bbaf6ad38783a84ed9b54,ArakelovRH/SubClosure/Batch77MasterCert.lean,ad630f80ac63b5cd16acc1ca3569c865eb9fb07bdd2e9f651618ac6ca8c0b2a6
Core,arakelov-positivity-rh-core,da3b943c662f37c62f8bbaf6ad38783a84ed9b54,ArakelovRH/SubClosure/Batch78KimSarnakClose.lean,3edee2fc35f86ca2f6545e6b1b9d7682042eb43fa2118fee6d039143c08f8d45
Core,arakelov-positivity-rh-core,da3b943c662f37c62f8bbaf6ad38783a84ed9b54,ArakelovRH/SubClosure/Batch79ResidueArgument.lean,e4359a4dbdc0dc51ea447c0165375d92f6cf0597d25e1263d4718d58df92ba73
Core,arakelov-positivity-rh-core,da3b943c662f37c62f8bbaf6ad38783a84ed9b54,ArakelovRH/SubClosure/Batch80ZetaResidueClose.lean,20676d54c15aea5c15aab76a164e3464df5ac09c0072d3afac59ae44994639cc
Core,arakelov-positivity-rh-core,da3b943c662f37c62f8bbaf6ad38783a84ed9b54,ArakelovRH/SubClosure/Batch81DivisionArgument.lean,73523f9702fdebde808baec5274dfb0a01a56843412033919c44552bcb3245cb
Core,arakelov-positivity-rh-core,da3b943c662f37c62f8bbaf6ad38783a84ed9b54,ArakelovRH/SubClosure/Batch82IKCertification.lean,5991d991b8df95c896b92d7cc40af414dd9b69b2047a3b99497dafdfbab6f6a3
Core,arakelov-positivity-rh-core,da3b943c662f37c62f8bbaf6ad38783a84ed9b54,ArakelovRH/SubClosure/Batch83RSIdentityClose.lean,0f634d2768434773376e7854c92a1cbaba438295f5a0618c385e3e9a566e104f
Core,arakelov-positivity-rh-core,da3b943c662f37c62f8bbaf6ad38783a84ed9b54,ArakelovRH/SubClosure/Batch84RSSimplePoleClose.lean,ef8a80f23ffc9ade3525687f25351c7f0658993db2bec88010673e8b78c949e9
Core,arakelov-positivity-rh-core,da3b943c662f37c62f8bbaf6ad38783a84ed9b54,ArakelovRH/SubClosure/Batch85LimitToL143Close.lean,9c6ba075ac22b1c51f1f7cbfd8fe5017e9ff69556388e6c5eec8527a25fc505f
Core,arakelov-positivity-rh-core,da3b943c662f37c62f8bbaf6ad38783a84ed9b54,ArakelovRH/SubClosure/Batch86ZetaZeroFreeClose.lean,864046f6669a53933cc68b7f1053b00cb21083acd02bc85c0cea0a34faa759d6
Core,arakelov-positivity-rh-core,da3b943c662f37c62f8bbaf6ad38783a84ed9b54,ArakelovRH/SubClosure/Batch87AtomClosures.lean,10a5604f5a68fc5b02156c3f0e4b67cfc315b5b2483dac647b78685e93b4ff9a
Core,arakelov-positivity-rh-core,da3b943c662f37c62f8bbaf6ad38783a84ed9b54,ArakelovRH/SubClosure/Batch88BC6Decomp.lean,db49d49ffaa75c841fa8009c00be65368373390fd543d9238c6a7e423048561e
Core,arakelov-positivity-rh-core,da3b943c662f37c62f8bbaf6ad38783a84ed9b54,ArakelovRH/SubClosure/Batch89CPSDecomp.lean,70c1e03eadcc2794f0da037f7e324fec4fda1d28cc05a6223f4618f56d9939bd
Core,arakelov-positivity-rh-core,da3b943c662f37c62f8bbaf6ad38783a84ed9b54,ArakelovRH/SubClosure/Batch90IKAtomDecomp.lean,5a1fb2ef9ec05e6797542bb18c88f46a5e7d6a1ec30ba63ec64ad218e6dfb8f6
Core,arakelov-positivity-rh-core,da3b943c662f37c62f8bbaf6ad38783a84ed9b54,ArakelovRH/SubClosure/Batch91ZFRBCCPSAtomDecomp.lean,545dcbe64b4637b84b9b83354bd1041e2d67da95cf2d2dfbaeb7bb37ab10fb83
Core,arakelov-positivity-rh-core,da3b943c662f37c62f8bbaf6ad38783a84ed9b54,ArakelovRH/SubClosure/Batch92Tier1Close.lean,50fb83d92fa66d0c35827a1a6579401d3bcb00965ad9827cfff945c6f7684dea
Core,arakelov-positivity-rh-core,da3b943c662f37c62f8bbaf6ad38783a84ed9b54,ArakelovRH/SubClosure/Batch93AllClose.lean,0a693d480d8a502eade452aa74ae0b04a441383f65bcaa02d7fd385eb725fa34
Core,arakelov-positivity-rh-core,da3b943c662f37c62f8bbaf6ad38783a84ed9b54,ArakelovRH/SubClosure/Batch94GRHImplications.lean,69529ad57056ea7912137c1d6392040a499cc3901174b26c14381ec632713f05
Core,arakelov-positivity-rh-core,da3b943c662f37c62f8bbaf6ad38783a84ed9b54,ArakelovRH/SubClosure/Batch95RSPoleClose.lean,1c8b947752723e8a57fc20285eda8e7c8b9b3aa19d3ee6907bb0d3ffb8d5707a
Core,arakelov-positivity-rh-core,da3b943c662f37c62f8bbaf6ad38783a84ed9b54,ArakelovRH/SubClosure/Batch96KimSarnakBridge.lean,ae3266220f96ad878342c37334fa1ea96fedef7ef1e99fe7539b5d88658f7e42
Core,arakelov-positivity-rh-core,da3b943c662f37c62f8bbaf6ad38783a84ed9b54,ArakelovRH/SubClosure/Batch97BC6SubAtoms.lean,8d0c7652e324ae92ba17d6266bd1f01d8cb214f89525c3637f1d3b16f28dbe9a
Core,arakelov-positivity-rh-core,da3b943c662f37c62f8bbaf6ad38783a84ed9b54,ArakelovRH/SubClosure/Batch98CPSBridge.lean,c1dca506423d2d5510b0c690c08179f9dc4e4dc394ffc0e4fbb017439991fbd0
Core,arakelov-positivity-rh-core,da3b943c662f37c62f8bbaf6ad38783a84ed9b54,ArakelovRH/SubClosure/Batch99IKBridge.lean,85fa326541991c0ece9043c8864a8efb570c93ad4de259abb5ec6919e548272f
Core,arakelov-positivity-rh-core,da3b943c662f37c62f8bbaf6ad38783a84ed9b54,ArakelovRH/SubClosure/CPSSubClosure.lean,8087463b42074b3b36963b2712328fc572148e4d76739e27a84fcb590ad57e8b
Core,arakelov-positivity-rh-core,da3b943c662f37c62f8bbaf6ad38783a84ed9b54,ArakelovRH/SubClosure/CPSSubgateDecomp.lean,749445cb2e68c0616ee5257cfade5dfe94e8fd64ca6d7cd081eadf6887b1b42f
Core,arakelov-positivity-rh-core,da3b943c662f37c62f8bbaf6ad38783a84ed9b54,ArakelovRH/SubClosure/ClosedSurfaces.lean,59d9d83e8cd4fe92c9055b0dfbddc0e909855ce96010df3b78aaca8912db6504
Core,arakelov-positivity-rh-core,da3b943c662f37c62f8bbaf6ad38783a84ed9b54,ArakelovRH/SubClosure/ConverseCPSAttack.lean,7d79d0ea438b9a5a6bd0b8741bafe4e54306c14230d77e2bb5a625d866745683
Core,arakelov-positivity-rh-core,da3b943c662f37c62f8bbaf6ad38783a84ed9b54,ArakelovRH/SubClosure/ConverseDecomp.lean,e35178201ea600bceda8446af8321db5f416b72a09cf090a00c1ff0349f41dec
Core,arakelov-positivity-rh-core,da3b943c662f37c62f8bbaf6ad38783a84ed9b54,ArakelovRH/SubClosure/CpowNormSubClosure.lean,5233fe6d307831fc6cc19f12180ff2cebe32cba2b42214d587dad0105e94dbd7
Core,arakelov-positivity-rh-core,da3b943c662f37c62f8bbaf6ad38783a84ed9b54,ArakelovRH/SubClosure/CremonaSubClosure.lean,51e28c65d6ab036fbbe7f4f76a4708183e6bcf544011ca13ae6b61ee91a1bc43
Core,arakelov-positivity-rh-core,da3b943c662f37c62f8bbaf6ad38783a84ed9b54,ArakelovRH/SubClosure/DeligneBoundSubClosure.lean,0bcad12eefe0e86b4c422f2f504603b37231bc18251a9ddcfee39e6467a9360e
Core,arakelov-positivity-rh-core,da3b943c662f37c62f8bbaf6ad38783a84ed9b54,ArakelovRH/SubClosure/DirichletAbsSubClosure.lean,5611e222a9ba6224a5de4c30f3f658fc66fd67bd41872d3b4a18a6258d2bc74f
Core,arakelov-positivity-rh-core,da3b943c662f37c62f8bbaf6ad38783a84ed9b54,ArakelovRH/SubClosure/EulerProductAttack.lean,b6f312a20277a59b8f13b58060d01f88874ef5e8c62b4e0db2c9a9e56535a59f
Core,arakelov-positivity-rh-core,da3b943c662f37c62f8bbaf6ad38783a84ed9b54,ArakelovRH/SubClosure/ExpLogBoundsSubClosure.lean,3a6e451c50810ce6cb44afb3803cde7ed34aaa81254ae2951d8d1fa32fa6a36c
Core,arakelov-positivity-rh-core,da3b943c662f37c62f8bbaf6ad38783a84ed9b54,ArakelovRH/SubClosure/FEGateAttack.lean,9c0524227925098a8cc573d6f3e0c52428a4c52ef4e6100f975833f4b077ccc6
Core,arakelov-positivity-rh-core,da3b943c662f37c62f8bbaf6ad38783a84ed9b54,ArakelovRH/SubClosure/FEandRSDecomp.lean,23a1127a34e821e4e4307d9963b2978e6959e3648d92ab8d51c71c8595aca9dd
Core,arakelov-positivity-rh-core,da3b943c662f37c62f8bbaf6ad38783a84ed9b54,ArakelovRH/SubClosure/GammaCompactSubClosure.lean,2950e7d27248c7d79ba13745d69b978eb91a3f3968c664b6a16920f0f1b18d29
Core,arakelov-positivity-rh-core,da3b943c662f37c62f8bbaf6ad38783a84ed9b54,ArakelovRH/SubClosure/GammaFactorSubClosure.lean,6e252064d858b3fe3c35c023f627ecbea94c4569e397bc01b79c3dc1a116f3b8
Core,arakelov-positivity-rh-core,da3b943c662f37c62f8bbaf6ad38783a84ed9b54,ArakelovRH/SubClosure/GammaStirlingSubClosure.lean,91dbc1bf3ddfb1ba86a0583fb374185e6355e7ecb8cbd4ff1fbbb6f85f5f4422
Core,arakelov-positivity-rh-core,da3b943c662f37c62f8bbaf6ad38783a84ed9b54,ArakelovRH/SubClosure/GlobalRootClose.lean,7c493ff92c2d6bf975bb47647d329f69158bcd13d3a9da31d04f4f9c609a8ba2
Core,arakelov-positivity-rh-core,da3b943c662f37c62f8bbaf6ad38783a84ed9b54,ArakelovRH/SubClosure/GlobalRootNumberSubClosure.lean,8db66ac357fae02f2a56dec1ab7214dc3b77aa8c437ce24149f1f00236e5c56e
Core,arakelov-positivity-rh-core,da3b943c662f37c62f8bbaf6ad38783a84ed9b54,ArakelovRH/SubClosure/IKGateAttack.lean,8d8be876c06ea0f001a71ea4ae3e7510c240048bf10910df11e7de905de9ce7f
Core,arakelov-positivity-rh-core,da3b943c662f37c62f8bbaf6ad38783a84ed9b54,ArakelovRH/SubClosure/IKResidueAttack.lean,0aa2885ad122b06860c84038a6d2a2268d9307f36a04774491c300749021bf11
Core,arakelov-positivity-rh-core,da3b943c662f37c62f8bbaf6ad38783a84ed9b54,ArakelovRH/SubClosure/IKSubgateDecomp.lean,83615edf616ffcda67c2e98803ac7653b7e3e5c8914ee50cbeeaca38ee4ba409
Core,arakelov-positivity-rh-core,da3b943c662f37c62f8bbaf6ad38783a84ed9b54,ArakelovRH/SubClosure/L143NonZeroSubClosure.lean,d55239e6b46021f388b0bdd960bb5c65996cb0350b037fc493b0926c2b82185c
Core,arakelov-positivity-rh-core,da3b943c662f37c62f8bbaf6ad38783a84ed9b54,ArakelovRH/SubClosure/L_sym2_NonVanSubClosure.lean,ff2f9323328123c52e621ab4dd6f62139ad60c019576f48d3844cefa24e8cbbc
Core,arakelov-positivity-rh-core,da3b943c662f37c62f8bbaf6ad38783a84ed9b54,ArakelovRH/SubClosure/M9GRHNumericalCert.lean,bfe9bbae326888b85ef04b8f8981217dc9208273a2dfdcefbcb61a8253c167d1
Core,arakelov-positivity-rh-core,da3b943c662f37c62f8bbaf6ad38783a84ed9b54,ArakelovRH/SubClosure/PeterssonSubClosure.lean,d54d7d52288a2e6812e33ef829ed078fc9b3756ca84861a86c06df6fbc8d1f44
Core,arakelov-positivity-rh-core,da3b943c662f37c62f8bbaf6ad38783a84ed9b54,ArakelovRH/SubClosure/PhragmenLindelofAttack.lean,adcd4f52687f0a72c3d7a012f46963c4980db4aac12d1a4453f5ae0339e705eb
Core,arakelov-positivity-rh-core,da3b943c662f37c62f8bbaf6ad38783a84ed9b54,ArakelovRH/SubClosure/PhragmenLindelofSubClosure.lean,63484ffba8f94afbefa35cd6c1b5db1cc6de5350b126fee69f06d57d47a8f979
Core,arakelov-positivity-rh-core,da3b943c662f37c62f8bbaf6ad38783a84ed9b54,ArakelovRH/SubClosure/README.md,f1b46173b9e369003a27cdaa128351b84a675b143415e52707a893154de9f48b
Core,arakelov-positivity-rh-core,da3b943c662f37c62f8bbaf6ad38783a84ed9b54,ArakelovRH/SubClosure/RSIdentityAttack.lean,e724c824553d0c6a20cbf3c42328890d901891e26dc5d33f5909d5d62d12bdef
Core,arakelov-positivity-rh-core,da3b943c662f37c62f8bbaf6ad38783a84ed9b54,ArakelovRH/SubClosure/RSIdentityFullAttack.lean,db40f541c52e48f47379a7e4c1c4f8963c193e4236f22273a71fd2ceefa749e5
Core,arakelov-positivity-rh-core,da3b943c662f37c62f8bbaf6ad38783a84ed9b54,ArakelovRH/SubClosure/RamanujanFactorizationClosed.lean,26bcc0d0da2b7fa58072096782363c6f4aaf5c244aa10d51e5c220eadc8d0c06
Core,arakelov-positivity-rh-core,da3b943c662f37c62f8bbaf6ad38783a84ed9b54,ArakelovRH/SubClosure/RouteBMasterReduction.lean,cb9c7db69bd5b3a6bf49af6dfed6f34a6c9231736e9f1fac8db4016d2ab3c672
Core,arakelov-positivity-rh-core,da3b943c662f37c62f8bbaf6ad38783a84ed9b54,ArakelovRH/SubClosure/SelbergTraceSubClosure.lean,3d1fa9b0eabcc8ca1da846818e380524b4ac87f3a726ad11488886398f60a07e
Core,arakelov-positivity-rh-core,da3b943c662f37c62f8bbaf6ad38783a84ed9b54,ArakelovRH/SubClosure/SineGrowthSubClosure.lean,7af5fe4da62ce182b7472b4dc99a3108a5112a86994e6bfd26777b499cd4d572
Core,arakelov-positivity-rh-core,da3b943c662f37c62f8bbaf6ad38783a84ed9b54,ArakelovRH/SubClosure/WallCRouteAttack.lean,4c9dbbe8265b21ef930c73f7817bb2c07bdd2e0fc27b3d8a490dda99eb51d881
Core,arakelov-positivity-rh-core,da3b943c662f37c62f8bbaf6ad38783a84ed9b54,ArakelovRH/SubClosure/WeilBoundSubClosure.lean,a6a4cc638421ba5b6178d3392895cb77c0deeefa0a47b2616da593f2a0c8179c
Core,arakelov-positivity-rh-core,da3b943c662f37c62f8bbaf6ad38783a84ed9b54,ArakelovRH/SubClosure/WeilExplicitSubClosure.lean,c402db8426806cc5374ba65dd6d05884c3dc1c8b0217f686cfe5573f4aca299b
Core,arakelov-positivity-rh-core,da3b943c662f37c62f8bbaf6ad38783a84ed9b54,ArakelovRH/SubClosure/WeilGateAttack.lean,db470ea577ebfb4adad7126910501254f98310dba93acb985bf7f86b40146c88
Core,arakelov-positivity-rh-core,da3b943c662f37c62f8bbaf6ad38783a84ed9b54,ArakelovRH/SubClosure/ZFRGateAttack.lean,a83427fdb05e785186d75c5111f16f7dd0630e6ee3c9ec1d5ea34a82ce9108e8
Core,arakelov-positivity-rh-core,da3b943c662f37c62f8bbaf6ad38783a84ed9b54,ArakelovRH/SubClosure/ZeroFreeStripSubClosure.lean,5dd6710cbf8c89eb92eac355aad891fc09a20dc5ffa038de8d341b064a203efc
Core,arakelov-positivity-rh-core,da3b943c662f37c62f8bbaf6ad38783a84ed9b54,ArakelovRH/SubClosure/ZetaZeroFreeDecomp.lean,efa23812c0bf0939701f3d7dff846bd933b35a67541d302dbe6fe40371be4a1f
Core,arakelov-positivity-rh-core,da3b943c662f37c62f8bbaf6ad38783a84ed9b54,ArakelovRH/ZeroDensity.lean,6177a96a83bda70d5a65273394ecbb8e8ba0151f73620c2c4f58b65b556319e6
Core,arakelov-positivity-rh-core,da3b943c662f37c62f8bbaf6ad38783a84ed9b54,ArakelovRH.lean,ceca34ea613a2455e8316f38aaf2df11a3952ffe91b644972caeb13a3c2d2491
Core,arakelov-positivity-rh-core,da3b943c662f37c62f8bbaf6ad38783a84ed9b54,CHAIN.md,8f13d7eafd6a26f85404a10c6182b3e075cbed66f371afd242059a4e185e0e3d
Core,arakelov-positivity-rh-core,da3b943c662f37c62f8bbaf6ad38783a84ed9b54,CITATION.cff,24cb510ff99538bac6be9ea2e61dacd28936e528e6be1d52a25265764c25476e
Core,arakelov-positivity-rh-core,da3b943c662f37c62f8bbaf6ad38783a84ed9b54,OPERA_LINK.json,794e3a8cd05a4a72a1f5cc631ba349320f09a52569e15b6ee9ea8aacf34d8ca7
Core,arakelov-positivity-rh-core,da3b943c662f37c62f8bbaf6ad38783a84ed9b54,OperaNumerorum_MasterEquations.pdf,26574442d42e6effe7bc5b95368e7f67371e2d9303160cccf6a39c69d4045ded
Core,arakelov-positivity-rh-core,da3b943c662f37c62f8bbaf6ad38783a84ed9b54,README.md,1dbc0b401672e1670330169d996ae8d75ba568f90ecc1af9ea43f86b5ae80773
Core,arakelov-positivity-rh-core,da3b943c662f37c62f8bbaf6ad38783a84ed9b54,ROADMAP.md,264cae0e9024ce24a44e011e4b35a6b654948ad2fa701bc79c55624fd275b47a
Core,arakelov-positivity-rh-core,da3b943c662f37c62f8bbaf6ad38783a84ed9b54,ROADMAP.txt,99f287c00fde0b346b5f3b26796fea39f9c7f048367a8aceeca556a1af043707
Core,arakelov-positivity-rh-core,da3b943c662f37c62f8bbaf6ad38783a84ed9b54,Seal/AXIOMS.txt,a18070bf034f5ff6ded76ec66aa3e938bd803c088877dea733786649b1ee984b
Core,arakelov-positivity-rh-core,da3b943c662f37c62f8bbaf6ad38783a84ed9b54,Seal/BRICKS.txt,d921f30b402bbd57a6c7000e6b508576bf9426c010bcf346122758921dae6884
Core,arakelov-positivity-rh-core,da3b943c662f37c62f8bbaf6ad38783a84ed9b54,Seal/PROVENANCE.txt,448fd32d75f8e64f797f6f841d2329018a9efe0660484101257de59d6329b041
Core,arakelov-positivity-rh-core,da3b943c662f37c62f8bbaf6ad38783a84ed9b54,Seal/README.md,ad10b8c8f93e59eaa6c51404fb9140731b02d0a08001cc43ebb0e1ed543f36b4
Core,arakelov-positivity-rh-core,da3b943c662f37c62f8bbaf6ad38783a84ed9b54,Seal/SHA256.txt,819ebeafab53abeb2744eb1071cf4d0bdb46713e0801a7b38e0595d5dd01b092
Core,arakelov-positivity-rh-core,da3b943c662f37c62f8bbaf6ad38783a84ed9b54,Seal/SORRYS.txt,9a271f2a916b0b6ee6cecb2426f0b3206ef074578be55d9bc94f6f3fe3ab86aa
Core,arakelov-positivity-rh-core,da3b943c662f37c62f8bbaf6ad38783a84ed9b54,Seal/TIMESTAMP.txt,66076895f7d9ad808bf4ccb3e1b0511e9d417ef92e3d82125bee683aaa236326
Core,arakelov-positivity-rh-core,da3b943c662f37c62f8bbaf6ad38783a84ed9b54,Seal/audit_lean.py,9d019841623dd54ff9c2d1a7f8f45302661a2f09df983b62aea9f9d5ef563063
Core,arakelov-positivity-rh-core,da3b943c662f37c62f8bbaf6ad38783a84ed9b54,artifacts/prime-verifier/src/pages/Certificate.tsx,18e20f3a70a5f5748e10554ce4f1273c49badda836b483a4743d0f9693316794
Core,arakelov-positivity-rh-core,da3b943c662f37c62f8bbaf6ad38783a84ed9b54,certificates/invariants.json,e22c8310c71d18000a62aed56381d92b036f936ebd2258ebb2d2de2ba8cc9550
Core,arakelov-positivity-rh-core,da3b943c662f37c62f8bbaf6ad38783a84ed9b54,lakefile.lean,feb6224dd837fb401d0b539c963bda04d2bcb5cdb483709afbe71d9870505b39
Core,arakelov-positivity-rh-core,da3b943c662f37c62f8bbaf6ad38783a84ed9b54,lean-toolchain,e6930c662006db4d6dc76c651d60a608e4f6a18bcfd53e6b0167d70a125285d5
Core,arakelov-positivity-rh-core,da3b943c662f37c62f8bbaf6ad38783a84ed9b54,replit.md,a5957b2652cfcb0590218acc9ddc7859fed1718e8d4e03142326301c3325f236
P5,rh-p5-bridge-14,610803bdf764bb62d90f122428bd63e00589288a,.github/workflows/ensemble-links.yml,95d06be2b0a6d9fe2babb3374892c37281592dab95c796174822671884153a3f
P5,rh-p5-bridge-14,610803bdf764bb62d90f122428bd63e00589288a,.github/workflows/lean.yml,635579d0f34b9cd6ebb79e67347010879164950925def8e0dff44c104085d20d
P5,rh-p5-bridge-14,610803bdf764bb62d90f122428bd63e00589288a,.github/workflows/notify-bridge.yml,a21022732de4abe9b9bb3dc9d6a24ef1c81728b73f57e90a8631dc7bfaf3b3f7
P5,rh-p5-bridge-14,610803bdf764bb62d90f122428bd63e00589288a,.github/workflows/relock-chain.yml,072a030aa64cafbb23da752fab2e2986e9c4745230457507901986a9b1cd1d31
P5,rh-p5-bridge-14,610803bdf764bb62d90f122428bd63e00589288a,.github/workflows/verify-chain.yml,3baace5d31d7723503fbc6781e8b6ab7b1f6996b0b8848aa1293bd1e8043ef26
P5,rh-p5-bridge-14,610803bdf764bb62d90f122428bd63e00589288a,.zenodo.json,eadb1bda1f6b9114f3e6521d2f2295711193e6976e4993a3a76aff9b959abe62
P5,rh-p5-bridge-14,610803bdf764bb62d90f122428bd63e00589288a,AGENTS.md,1938743117ef6d31731f8bcb133a81b0e4c1f78f73875fe75ac71e7cb30bb1d7
P5,rh-p5-bridge-14,610803bdf764bb62d90f122428bd63e00589288a,CERT_LOG.md,ff3a12f59d7586344339de923e920a5894c5f1eeddf901304be5e36d45e4c9f5
P5,rh-p5-bridge-14,610803bdf764bb62d90f122428bd63e00589288a,CHAIN.md,6c959d4e464707e7162df5ec4d8964cddb0989767f6c281e6be0ac26a0add471
P5,rh-p5-bridge-14,610803bdf764bb62d90f122428bd63e00589288a,CITATION.cff,d88a965a73d7a8825218344c7fada610e65cb4db797aa0fae97dd819a53b551b
P5,rh-p5-bridge-14,610803bdf764bb62d90f122428bd63e00589288a,FOR_BRIDGE.txt,19755d3f0e8cca68dd3adaabf8463d1b5dcab4adff17018ee3d2c6c3b170357e
P5,rh-p5-bridge-14,610803bdf764bb62d90f122428bd63e00589288a,OPERA_LINK.json,3ab4031e2b98343cb7bbd5c04ac2d0a15c32ce1fa01e9d17f49ba67adc257d82
P5,rh-p5-bridge-14,610803bdf764bb62d90f122428bd63e00589288a,OperaNumerorum_MasterEquations.pdf,cf14334b84a1fe031ae32a73052d511f02c694685690b499fc6b1df4d307c938
P5,rh-p5-bridge-14,610803bdf764bb62d90f122428bd63e00589288a,README.md,9965d66b6e8b05444a75e1d5b21df144306e83707097db81c96f2b9d04a537ee
P5,rh-p5-bridge-14,610803bdf764bb62d90f122428bd63e00589288a,REPOS.md,40a22b0d8f2f97110cb3abe632244360e73298179c8cde6463dcdc25cf5d9d68
P5,rh-p5-bridge-14,610803bdf764bb62d90f122428bd63e00589288a,Towers/Common/Conductor.lean,61ba58ef9f0efb101ee4c5b4ad5dda1805242271434c6df3c2720913e321c05b
P5,rh-p5-bridge-14,610803bdf764bb62d90f122428bd63e00589288a,Towers/Common/README.md,81bcfcebe2a452189106efcc9be2b2d4c6524762689e72826af80fc0b162402f
P5,rh-p5-bridge-14,610803bdf764bb62d90f122428bd63e00589288a,Towers/README.md,86f66913b0915291527d638bc72feb6c8e647915013dc9fabcfade7fe50a182f
P5,rh-p5-bridge-14,610803bdf764bb62d90f122428bd63e00589288a,Towers/RH/Arakelov/AbbesUllmo.lean,83f316218c6c9b210a3b3e827f25853935c4cf53d5ff254e54f5e834786051fb
P5,rh-p5-bridge-14,610803bdf764bb62d90f122428bd63e00589288a,Towers/RH/Arakelov/README.md,267cfe535c772acd007452278fb72f099aa7026e06cdee1450f07df5f6a57f0a
P5,rh-p5-bridge-14,610803bdf764bb62d90f122428bd63e00589288a,Towers/RH/Axioms.lean,571d1cfabb675e61b6632c71d5defc34f7a7229eb50d91aa5b97fe549dd44b81
P5,rh-p5-bridge-14,610803bdf764bb62d90f122428bd63e00589288a,Towers/RH/Bridge143.lean,be5872ad3a5083215d6d9e9831e22e8a4cd2f72f925618158d34337237ac0999
P5,rh-p5-bridge-14,610803bdf764bb62d90f122428bd63e00589288a,Towers/RH/Chain/C01_Arakelov.lean,2e833152c3ade33033af31315b115e855ac2fa08179f1ffde32ea757783d0f58
P5,rh-p5-bridge-14,610803bdf764bb62d90f122428bd63e00589288a,Towers/RH/Chain/C02_Modularity.lean,e772feeaa3c1a923087894179a514b42bba9e736eacae90e602ed5899f946850
P5,rh-p5-bridge-14,610803bdf764bb62d90f122428bd63e00589288a,Towers/RH/Chain/C03_Positivity.lean,295a634864dcec5fd9e0752c87b4fea902cd265c127f815f8f01c0c54a35c1e6
P5,rh-p5-bridge-14,610803bdf764bb62d90f122428bd63e00589288a,Towers/RH/Chain/C04_HeightBound.lean,f88d7457fb596a3ffa7387b3792b9ca0e043bf66fdf44c436938285d951757a8
P5,rh-p5-bridge-14,610803bdf764bb62d90f122428bd63e00589288a,Towers/RH/Chain/C05_Discriminant.lean,44993ff39786d6a83163c6d2a88943b97cff963ec3548cc58aa77af0e0d1a8fe
P5,rh-p5-bridge-14,610803bdf764bb62d90f122428bd63e00589288a,Towers/RH/Chain/C06_ZetaControl.lean,de5489d7268bcb1ad3a08da73ee437ef8fd5c59dad9f72b84011c598d1a54e4c
P5,rh-p5-bridge-14,610803bdf764bb62d90f122428bd63e00589288a,Towers/RH/Chain/C07_RH.lean,73bf535c079332c83b28a3598cf2b4136f28e1d013a706d77dbcd374afd1b8b3
P5,rh-p5-bridge-14,610803bdf764bb62d90f122428bd63e00589288a,Towers/RH/Chain/C08_M4WeilBridge.lean,336c0ec27a4091d3471f84957c881e3aa777e2810ff3b25f823b634087b1e90b
P5,rh-p5-bridge-14,610803bdf764bb62d90f122428bd63e00589288a,Towers/RH/Chain/C09_P5Bridge.lean,4130441c14fe66875ad5a7a3403c3cb0bf46baf69055117ab67553f9522cf309
P5,rh-p5-bridge-14,610803bdf764bb62d90f122428bd63e00589288a,Towers/RH/Chain/C10_MainTheorem.lean,40209b53521eb27c447d376d7f6cb6cf8d0d7c94ddcba42f082fd16a201ba1b7
P5,rh-p5-bridge-14,610803bdf764bb62d90f122428bd63e00589288a,Towers/RH/Chain/C11_CertificateClosure.lean,d570dd9b6d8614c72343e0e8f7adc058b02d541fa891c0e5f72a144e054cbce0
P5,rh-p5-bridge-14,610803bdf764bb62d90f122428bd63e00589288a,Towers/RH/Chain/C12_M9Integration.lean,28997e923fd93e1e6e0eb2b802d051437b9b80293176a5fbaa74409e48d24fef
P5,rh-p5-bridge-14,610803bdf764bb62d90f122428bd63e00589288a,Towers/RH/Chain/C13_ArakelovToRH.lean,3a35108099f230a1371787abf5d6d2528459a4c9a231a85835ab4fb136999063
P5,rh-p5-bridge-14,610803bdf764bb62d90f122428bd63e00589288a,Towers/RH/Chain/C14_BC6SpectralGap.lean,72b3311ddc56511b9c752e0d2c4b5639babee51083904d729974fc7a8efe679a
P5,rh-p5-bridge-14,610803bdf764bb62d90f122428bd63e00589288a,Towers/RH/Chain/C15_BC6ClassNumber.lean,5e1c21475a42fd742feeddb6a6a793446cfbe39838c0cde3790bad12e979c4d5
P5,rh-p5-bridge-14,610803bdf764bb62d90f122428bd63e00589288a,Towers/RH/Chain/C16_MasterCertification.lean,5e877d1f00f215dc279c118c50e3dba64ba9e4c655ff05a6336ad69598bbbe85
P5,rh-p5-bridge-14,610803bdf764bb62d90f122428bd63e00589288a,Towers/RH/Chain/C17_ArakelovPairingCert.lean,241a7a22bfc39e7a4cf148f515e5d539470c2c91e0af01c198aa9efcd0363a96
P5,rh-p5-bridge-14,610803bdf764bb62d90f122428bd63e00589288a,Towers/RH/Chain/C18_KimSarnakCert.lean,37398d0e461cb31c1d8d593fae4a43792be456c28505c7e386f641604869802a
P5,rh-p5-bridge-14,610803bdf764bb62d90f122428bd63e00589288a,Towers/RH/Chain/C19_BC6SelbergTraceCert.lean,0d997703e0059442e6ecab484c52ea62fbca5709435a3a855ca86efc2f4719c4
P5,rh-p5-bridge-14,610803bdf764bb62d90f122428bd63e00589288a,Towers/RH/Chain/C20_LanglandsDescentCert.lean,66b7d1c3682e2326fc4120bf31923c18a58ca506de2eae515461717240cc1697
P5,rh-p5-bridge-14,610803bdf764bb62d90f122428bd63e00589288a,Towers/RH/Chain/C21_GRHtoRHCert.lean,d00c96b48f2ea982b270fcf787919afd2a306a58f25b35ac69956458faa6c8c0
P5,rh-p5-bridge-14,610803bdf764bb62d90f122428bd63e00589288a,Towers/RH/Chain/C22_RouteACert.lean,f66febd36b24e6e8b1f98e294ac68d3a931c98e643346fb2aed4132df7fd98b4
P5,rh-p5-bridge-14,610803bdf764bb62d90f122428bd63e00589288a,Towers/RH/Chain/P5_BSD_RH_Link.lean,d013cc36cd2745f820a326c6133f4cc35ae71d665590f4811ee32324cc1e3a79
P5,rh-p5-bridge-14,610803bdf764bb62d90f122428bd63e00589288a,Towers/RH/Chain/README.md,44d81690b445842fc8635195afc1c34cfd2cc2adf3cd8a6fe0b6951a8f3efc76
P5,rh-p5-bridge-14,610803bdf764bb62d90f122428bd63e00589288a,Towers/RH/ConverseTheorem/Converse.lean,18a9467df6019b8416960ef8072337654c06ff7164814263deefbcbf91c02971
P5,rh-p5-bridge-14,610803bdf764bb62d90f122428bd63e00589288a,Towers/RH/ConverseTheorem/README.md,0efd41e8e55eeb3ce7d98f39a61b9c4cc547bc9bc0777886554f08de60d45cc9
P5,rh-p5-bridge-14,610803bdf764bb62d90f122428bd63e00589288a,Towers/RH/Formalized/Addendum_A1_Complete_Sieve.lean,fb1d5b82da51c9d25ff5aa7222f6c3c1923e9e3788ef15a618f5683c7846cde5
P5,rh-p5-bridge-14,610803bdf764bb62d90f122428bd63e00589288a,Towers/RH/Formalized/Bands_269_Certificate.lean,e6be61dbb0defaac95a228301bd23e0041f1ae73cc35c5b4d1cde36ca3e14362
P5,rh-p5-bridge-14,610803bdf764bb62d90f122428bd63e00589288a,Towers/RH/Formalized/Boundary_Theorem.lean,62a351d0a64287d5c5dc3379cfcd21addcaefe9a030c6adf350c547442b79223
P5,rh-p5-bridge-14,610803bdf764bb62d90f122428bd63e00589288a,Towers/RH/Formalized/C01_Arakelov_v2.lean,db291fc7dcf6debf9503a98d032f3238fef3e04af9d76d6cb5705eb8882c0c96
P5,rh-p5-bridge-14,610803bdf764bb62d90f122428bd63e00589288a,Towers/RH/Formalized/C_Chain.lean,1fcc18a31b72972768d93afe4412030308c52dc31226042be36cd03911f312d2
P5,rh-p5-bridge-14,610803bdf764bb62d90f122428bd63e00589288a,Towers/RH/Formalized/Certificates.lean,22536a66435d71b4c7c6796c140f79b52237b2d1221c5e966c743a7096a26a0e
P5,rh-p5-bridge-14,610803bdf764bb62d90f122428bd63e00589288a,Towers/RH/Formalized/Data_Registry.lean,facdc78d12fae250953a673bdc1b1c8822218a3f776a4b081f186d8488aef8a5
P5,rh-p5-bridge-14,610803bdf764bb62d90f122428bd63e00589288a,Towers/RH/Formalized/Exceptional_Prime_Desert_Map.lean,3a57a7910e9280617870011a22bde0cf3f5508a3451f812e8ed68aaaa8f8e376
P5,rh-p5-bridge-14,610803bdf764bb62d90f122428bd63e00589288a,Towers/RH/Formalized/Modular_Sieve_Lindelof.lean,7b692c32c1f5fdbe8a8abd10f23f4672a79aef1ffc404764f62ca4b6dc786df0
P5,rh-p5-bridge-14,610803bdf764bb62d90f122428bd63e00589288a,Towers/RH/Formalized/Module_10_Genus33.lean,ceae5e6d895aa6b2dd215ca462b6c9618eb7fd2958fdeae88c693d5eecf67527
P5,rh-p5-bridge-14,610803bdf764bb62d90f122428bd63e00589288a,Towers/RH/Formalized/Module_14_S4_Quaternions.lean,a6c4898c869af27fa66391447e40495d34685f297faf23266ec7ca08c00872bb
P5,rh-p5-bridge-14,610803bdf764bb62d90f122428bd63e00589288a,Towers/RH/Formalized/Module_15_Delta_Boost.lean,51039ba2960ff1745d5e914a35e63928d144ee53f4f17b2cc64ae87888e5dc3e
P5,rh-p5-bridge-14,610803bdf764bb62d90f122428bd63e00589288a,Towers/RH/Formalized/Module_16_c_Bridge.lean,25f8e5fd39ed288a6561a5bafa1e3ffd6042577bd0a267e2a3b834b98e3f7662
P5,rh-p5-bridge-14,610803bdf764bb62d90f122428bd63e00589288a,Towers/RH/Formalized/Module_18_Resonance_Ladder.lean,bdc90718bfbd46a32d62ea2aac69f1ee76422192adbdaf63f9936ce865de1207
P5,rh-p5-bridge-14,610803bdf764bb62d90f122428bd63e00589288a,Towers/RH/Formalized/Module_21_H4_Invariant.lean,af93b931dc68fa149863d11d2009209091be8c091f965b9f4ea31018438b0bf1
P5,rh-p5-bridge-14,610803bdf764bb62d90f122428bd63e00589288a,Towers/RH/Formalized/Module_24_ZLock.lean,24c77b1eb9d8d3cd5e031f8a12ba295c8ca263f1ce2a94d385a88f38d9cf337b
P5,rh-p5-bridge-14,610803bdf764bb62d90f122428bd63e00589288a,Towers/RH/Formalized/README.md,96a08628fdba467aea532502b8ee6b3a4dba3a296e2e7e27d8ead392aa1dae10
P5,rh-p5-bridge-14,610803bdf764bb62d90f122428bd63e00589288a,Towers/RH/Formalized/Sieve_Criterion.lean,facaf1ad39f9648eaeec99837f0b0e7f4f9ce1dc8198065c01d089604bd9253e
P5,rh-p5-bridge-14,610803bdf764bb62d90f122428bd63e00589288a,Towers/RH/GrowthContradiction.lean,28ff8d9d5341f926ce33344b3ef09b40a760bf6d8f98ca78bec455e91cea8a4a
P5,rh-p5-bridge-14,610803bdf764bb62d90f122428bd63e00589288a,Towers/RH/H2_WeilTransfer.lean,646d91a6514cdaa2907c98fea78f8073c23af4c0aa366af18a4db737b3cc664a
P5,rh-p5-bridge-14,610803bdf764bb62d90f122428bd63e00589288a,Towers/RH/IwaniecKowalski/NonVanishing.lean,4be5e3e5ba5f108b8ae5906022b7e073d311985a3ca593cc195419c7b82cdb3c
P5,rh-p5-bridge-14,610803bdf764bb62d90f122428bd63e00589288a,Towers/RH/IwaniecKowalski/README.md,149e3f94ca14a0c1cf92d4570f3f69384d5f54bf0899adff920fc16cdaefa159
P5,rh-p5-bridge-14,610803bdf764bb62d90f122428bd63e00589288a,Towers/RH/IwaniecKowalski/RankinSelberg.lean,a46572d645e03e0bc4ae274a740ed49c89acb77c806eff3a01d7975d36151ba3
P5,rh-p5-bridge-14,610803bdf764bb62d90f122428bd63e00589288a,Towers/RH/JorgensonKramer/X0_143/Basic.lean,c88fa6e053ca718bcb6435676cddc3dd8a7c13460147dcb438c368f4707a5245
P5,rh-p5-bridge-14,610803bdf764bb62d90f122428bd63e00589288a,Towers/RH/JorgensonKramer/X0_143/C22_ClassNumberCert.lean,2c0a483797cd3b30e4480ebae7fa19ba561ced4a3fe9758aca815699d061b22f
P5,rh-p5-bridge-14,610803bdf764bb62d90f122428bd63e00589288a,Towers/RH/JorgensonKramer/X0_143/C22b_ClassNumberLowerBound.lean,71dc6710e10dc52d4d087cb0aa54caf2a306fc2c338ac1acc82d1296d59d8a82
P5,rh-p5-bridge-14,610803bdf764bb62d90f122428bd63e00589288a,Towers/RH/JorgensonKramer/X0_143/Discriminant143.lean,c4c8825157f30e6bbdce8ccca1e4d97c76fbe0d5f7271aa6a6496f6beee3d051
P5,rh-p5-bridge-14,610803bdf764bb62d90f122428bd63e00589288a,Towers/RH/JorgensonKramer/X0_143/K1ClassNumber.lean,24a8870285db112f4669cdc67d6477c1ccc54727b2022fceac8d17c67964bc1e
P5,rh-p5-bridge-14,610803bdf764bb62d90f122428bd63e00589288a,Towers/RH/JorgensonKramer/X0_143/K1IdealGrowth.lean,4ae84f8ae078530355a36eea4f55d8292cc51d4131684f328c006638148dfad7
P5,rh-p5-bridge-14,610803bdf764bb62d90f122428bd63e00589288a,Towers/RH/JorgensonKramer/X0_143/README.md,88511f36b9e0d17f1181900f520092ea057a5462a7a7e20c1f7ba811da96a314
P5,rh-p5-bridge-14,610803bdf764bb62d90f122428bd63e00589288a,Towers/RH/KimSarnak/GelbartJacquet.lean,df3eb122553a27e6e01814477cc59525f6761a0abdc0d08494c54252f2cd9067
P5,rh-p5-bridge-14,610803bdf764bb62d90f122428bd63e00589288a,Towers/RH/KimSarnak/MainTheorem.lean,a7806b7aa383792185a99f3968280679699a3fb47a421d3db450818700aaf7bf
P5,rh-p5-bridge-14,610803bdf764bb62d90f122428bd63e00589288a,Towers/RH/KimSarnak/README.md,3f22c209317e916739d2dc5c112996a66b580e7fa5b27c11b029181433b98c6b
P5,rh-p5-bridge-14,610803bdf764bb62d90f122428bd63e00589288a,Towers/RH/M9_WeilTransfer.lean,eb9b8ca5e4cffab485c8ddfa9ee1e2362698f04816e11132909aea8779d0c2ba
P5,rh-p5-bridge-14,610803bdf764bb62d90f122428bd63e00589288a,Towers/RH/README.md,e2895c273f97981bcbb97010fdf31e914a2cd39ad6beebeb54697ee8b8d80bc4
P5,rh-p5-bridge-14,610803bdf764bb62d90f122428bd63e00589288a,Towers/RH/ZProtocolBridge.lean,b9f7fd22c284619863c1088791cffd40b9f0e8577e7d082fdf21900b7ce105ac
P5,rh-p5-bridge-14,610803bdf764bb62d90f122428bd63e00589288a,Towers/RH/ZeroDensity.lean,898a71d93f60da088f456f71c92bb7796c4a661ce00e9116a7e834af51883179
P5,rh-p5-bridge-14,610803bdf764bb62d90f122428bd63e00589288a,Towers/X0_143/Basic.lean,9a60422011b4df76bb84ccc90a502efd7e87c160207fbfb4ebf3d0192ecbc611
P5,rh-p5-bridge-14,610803bdf764bb62d90f122428bd63e00589288a,Towers/X0_143/K1IdealGrowth.lean,b04b9ddcc106ba78d0e868845b8dec467b341ab9ee20dd009192fdfee09211b0
P5,rh-p5-bridge-14,610803bdf764bb62d90f122428bd63e00589288a,Towers/X0_143/README.md,3fa61b5bcf0438c2e7c4796f0196ca4d1fe7cc8b9ec00cb28bcfd1b534ddf4d9
P5,rh-p5-bridge-14,610803bdf764bb62d90f122428bd63e00589288a,lakefile.lean,731e9a3c6d2dbd5b0e43ff0c980b3deb81476265947146ac49c4e4bada759d6c
P5,rh-p5-bridge-14,610803bdf764bb62d90f122428bd63e00589288a,lean-toolchain,e6930c662006db4d6dc76c651d60a608e4f6a18bcfd53e6b0167d70a125285d5
P5,rh-p5-bridge-14,610803bdf764bb62d90f122428bd63e00589288a,scripts/audit.sh,89900b1e419a12563b3421611e256334100dc7797d7e3fa9c36d6f322252ff07
P5,rh-p5-bridge-14,610803bdf764bb62d90f122428bd63e00589288a,scripts/check_ensemble_links.sh,83a6d0d74f551010c3ad04380f0862d9ffa1d7517b24f16077df3938b83b082e
P5,rh-p5-bridge-14,610803bdf764bb62d90f122428bd63e00589288a,scripts/relock-chain.sh,a7ebb6d909cb4ac58af489afbc03d516d2db338041dc5e1ab54fe14c5c3b2f95
P5,rh-p5-bridge-14,610803bdf764bb62d90f122428bd63e00589288a,scripts/test-relock-api-failure.sh,ec58b085cf61ba6de6532a1b5380c8341d465f23087ed754c8b315c99c259df6
RouteA,riemann-arakelov-positivity,b62e1e138cb4dcdb45ffee437f2cd6a37ce34006,. zenodo.json,48e66749089a38225203287b28a20d68d432d3c23b2ccd2efaef67918a3720bd
RouteA,riemann-arakelov-positivity,b62e1e138cb4dcdb45ffee437f2cd6a37ce34006,.github/workflows/ci.yml,dfcf7b655012f3555d3510e417651967b06374a2a4ebf0c8bcc1379f86d2ba9a
RouteA,riemann-arakelov-positivity,b62e1e138cb4dcdb45ffee437f2cd6a37ce34006,.github/workflows/lean.yml,93da07fae7437330e82b741adf0bb987dd6b153069bb11167a2ddfbc58aeaab1
RouteA,riemann-arakelov-positivity,b62e1e138cb4dcdb45ffee437f2cd6a37ce34006,.github/workflows/notify-bridge.yml,a21022732de4abe9b9bb3dc9d6a24ef1c81728b73f57e90a8631dc7bfaf3b3f7
RouteA,riemann-arakelov-positivity,b62e1e138cb4dcdb45ffee437f2cd6a37ce34006,.gitignore,fde850d24186b6e99c8c0debd641fb3ab85198b109eb66f71a1fea02bd6ea1b3
RouteA,riemann-arakelov-positivity,b62e1e138cb4dcdb45ffee437f2cd6a37ce34006,.zenodo.json,bf6ecf52ef0c543076b928879cc03ab75b09da6d55568b0529e023b269de25d8
RouteA,riemann-arakelov-positivity,b62e1e138cb4dcdb45ffee437f2cd6a37ce34006,AGENTS.md,f30b136002d15dd127be445a4b6f3f843adbffa47d7f9fbff95624dc086f23e6
RouteA,riemann-arakelov-positivity,b62e1e138cb4dcdb45ffee437f2cd6a37ce34006,CHAIN.md,f038045883fcdb48f5d910d5aee890399de535bf683063be7536d148808ba991
RouteA,riemann-arakelov-positivity,b62e1e138cb4dcdb45ffee437f2cd6a37ce34006,CITATION.cff,53bf752797623970a072927629040178bcd1cb3fac3a6d07b0ac3e0a6435ae87
RouteA,riemann-arakelov-positivity,b62e1e138cb4dcdb45ffee437f2cd6a37ce34006,LICENSE.txt,bae5ed773c8831509b9ff74aef5bfc297284b065c47d7be771d4d61041cf5715
RouteA,riemann-arakelov-positivity,b62e1e138cb4dcdb45ffee437f2cd6a37ce34006,OPERA_LINK.json,a3892be88df1612d13b8546c2d8c5e3019a50892fc61a6c42a81f1ea43a42f86
RouteA,riemann-arakelov-positivity,b62e1e138cb4dcdb45ffee437f2cd6a37ce34006,README.md,011a147bce6e5c1f736b7ac5a5a64d6935add2b17361e95f2025bed63faa6da4
RouteA,riemann-arakelov-positivity,b62e1e138cb4dcdb45ffee437f2cd6a37ce34006,lake-manifest.json,2761c8c5ef458c91031fb89c207a84ca8a8205e6bfa6dd0815bb723d017b8113
RouteA,riemann-arakelov-positivity,b62e1e138cb4dcdb45ffee437f2cd6a37ce34006,lakefile.lean,fd27af513a3253198bcd223f615a793e29872a568dca111f4a126d04883102fd
RouteA,riemann-arakelov-positivity,b62e1e138cb4dcdb45ffee437f2cd6a37ce34006,lean/README.md,637b1cf1da9298b8005d229d45145f954ba291b95731dbe9acda96ece298d131
RouteA,riemann-arakelov-positivity,b62e1e138cb4dcdb45ffee437f2cd6a37ce34006,lean/RiemannArakelovPositivity.lean,d388279cb0652adc447c74dba0ddbe483b3633221e3620c5f91878c89deb97d1
RouteA,riemann-arakelov-positivity,b62e1e138cb4dcdb45ffee437f2cd6a37ce34006,lean-toolchain,e6930c662006db4d6dc76c651d60a608e4f6a18bcfd53e6b0167d70a125285d5
RouteA,riemann-arakelov-positivity,b62e1e138cb4dcdb45ffee437f2cd6a37ce34006,start.sh,efc8dab4316cc2ebcd95bcf2886551f3cfdbd0c6d1a13749d160214dab78d562
RouteB,arakelov-rh-descent,fb50a23fffef99d2849d865662336e376b02b7d7,. zenodo.json,e2098d53a8394dd6529a234d2dbf521acdf788054d91554be951b83f92d345d4
RouteB,arakelov-rh-descent,fb50a23fffef99d2849d865662336e376b02b7d7,.github/workflows/lean.yml,9606e0bcb3f97dcaca021e84f20f8c908bb7a32ce93f6cbb2f3270dadfcc418b
RouteB,arakelov-rh-descent,fb50a23fffef99d2849d865662336e376b02b7d7,.github/workflows/notify-bridge.yml,a21022732de4abe9b9bb3dc9d6a24ef1c81728b73f57e90a8631dc7bfaf3b3f7
RouteB,arakelov-rh-descent,fb50a23fffef99d2849d865662336e376b02b7d7,.gitignore,fde850d24186b6e99c8c0debd641fb3ab85198b109eb66f71a1fea02bd6ea1b3
RouteB,arakelov-rh-descent,fb50a23fffef99d2849d865662336e376b02b7d7,.zenodo.json,b33fb52e6a736a1a9bf1e984809f762e8ec6602e2bb36b4c29f32a549ad54492
RouteB,arakelov-rh-descent,fb50a23fffef99d2849d865662336e376b02b7d7,AGENTS.md,2db5253e74bfec282df735d36930b503263361a2de6ce3f6768f1a87da4f5f98
RouteB,arakelov-rh-descent,fb50a23fffef99d2849d865662336e376b02b7d7,BC6_SelbergMatch_15pp_Finished_DFox_ORCID.tex,5de2a7f242c788b1bdcc6cd47cb2068cb267666a05bf5a568fb7c9db452eca78
RouteB,arakelov-rh-descent,fb50a23fffef99d2849d865662336e376b02b7d7,BC6_SpectralBC95_20pp_Finished_DFox_ORCID.tex,e231bf6ae60a7ff438f88728e86bdf3c441a75543b43d1c864305bc83a52d0ca
RouteB,arakelov-rh-descent,fb50a23fffef99d2849d865662336e376b02b7d7,CHAIN.md,f038045883fcdb48f5d910d5aee890399de535bf683063be7536d148808ba991
RouteB,arakelov-rh-descent,fb50a23fffef99d2849d865662336e376b02b7d7,CITATION.cff,c67145ea9eb79bfb0e5509c9fe178aceb568e7faa73bea264517dcf4ed590e90
RouteB,arakelov-rh-descent,fb50a23fffef99d2849d865662336e376b02b7d7,LICENSE.txt,bae5ed773c8831509b9ff74aef5bfc297284b065c47d7be771d4d61041cf5715
RouteB,arakelov-rh-descent,fb50a23fffef99d2849d865662336e376b02b7d7,OPERA_LINK.json,077fc7971f7723e02481bf7041f8901e3554ed64a0c3fc47850a64453c2c8cd6
RouteB,arakelov-rh-descent,fb50a23fffef99d2849d865662336e376b02b7d7,README.md,6816fb8c9be1eb354fb71dfa0f93cc08e6e662900a191dbc8c99109af1a948bb
RouteB,arakelov-rh-descent,fb50a23fffef99d2849d865662336e376b02b7d7,lakefile.lean,235d9a675a33ca9c5ecb98ea6a5fa2e156c0b331d7d1b20029b4946763bb4948
RouteB,arakelov-rh-descent,fb50a23fffef99d2849d865662336e376b02b7d7,lean/ArakelovRH_BC6_Final.lean,3c9114538c264895fcb7ad8159ad61b3320e2abc5948b91aa9f3208b7f9a4475
RouteB,arakelov-rh-descent,fb50a23fffef99d2849d865662336e376b02b7d7,lean/Closure/BSD_EndomorphismDegree_CLOSED_Standalone.lean,3928ec08fba788b33ac4d49698801a827af7feab7f8759bda53e3ab7ca4f1716
RouteB,arakelov-rh-descent,fb50a23fffef99d2849d865662336e376b02b7d7,lean/Closure/BSD_LFunctionIsLinFunc_CLOSED_Standalone.lean,4b837f3add58de1c1a8f66b2b79f4c7350d506d7346056216ce982657a1c457f
RouteB,arakelov-rh-descent,fb50a23fffef99d2849d865662336e376b02b7d7,lean/Closure/Batch157QExpClose_Standalone.lean,275b62c09a04c5c348d0da1cb1447710233936ecadbef7f8efb0b7538cfcd563
RouteB,arakelov-rh-descent,fb50a23fffef99d2849d865662336e376b02b7d7,lean/Closure/BoundedStripsClosure.lean,58579bd4cae1c3623bdf458321a7fac6bc613ca2b6f343f47076e397fa851727
RouteB,arakelov-rh-descent,fb50a23fffef99d2849d865662336e376b02b7d7,lean/Closure/ConverseUniquenessClosure.lean,3fca9ebe57f011c73a707a21a2f79aa5810759f16c409db25aa05a3922a3f168
RouteB,arakelov-rh-descent,fb50a23fffef99d2849d865662336e376b02b7d7,lean/Closure/EulerProductClosure.lean,bc81b14a59e7d8ad4708f9985216e893106b652eb5b2764418012510d98907db
RouteB,arakelov-rh-descent,fb50a23fffef99d2849d865662336e376b02b7d7,lean/Closure/FunctionalEquationClosure.lean,2c919d1c4cdda12b9d2c4b1bcd7b1a4c1dd5828ea24cd908a7ffcaea8894bf2b
RouteB,arakelov-rh-descent,fb50a23fffef99d2849d865662336e376b02b7d7,lean/Closure/L_sym2_NonVanishingClosure.lean,9b3af3df8987c10b7bbf4636bd86576a277ad17d73baf8500b6973c9b8087e2d
RouteB,arakelov-rh-descent,fb50a23fffef99d2849d865662336e376b02b7d7,lean/Closure/README.md,348ebaaacca21314784f927c13010ba00780937f54486e4f0a369299466c5327
RouteB,arakelov-rh-descent,fb50a23fffef99d2849d865662336e376b02b7d7,lean/Closure/RSIdentityAttack.lean,1e64b6b48879c85c6b6bc01680136ddfa9c4f237b3553ef70fa25e5f9db5c93e
RouteB,arakelov-rh-descent,fb50a23fffef99d2849d865662336e376b02b7d7,lean/Closure/RSIdentityFullAttack.lean,1d05a0059445145048f844863aff14225a83dae7ea6b8d1f2829ff6f0f6ce08e
RouteB,arakelov-rh-descent,fb50a23fffef99d2849d865662336e376b02b7d7,lean/Closure/RamanujanFactorizationClosed.lean,5c26593c320d20a66615fe1f1d221d0ffe79fff4396bf430b26e0bda5cef6928
RouteB,arakelov-rh-descent,fb50a23fffef99d2849d865662336e376b02b7d7,lean/Closure/ResidueArgumentClosure.lean,8de9d702f33b15187d986c664ee030b8fb0919b8b82f44ee794b1a28de8ec7f2
RouteB,arakelov-rh-descent,fb50a23fffef99d2849d865662336e376b02b7d7,lean/Closure/RouteBMasterReduction.lean,124443e389e87fc1eff0140ba1964e43ec62030367bf6562d58e0d00f7bffe54
RouteB,arakelov-rh-descent,fb50a23fffef99d2849d865662336e376b02b7d7,lean/Closure/RouteB_60_to_0_Standalone.lean,2c9c4249d9944fa470b0af3500cbca4f16411fffd662876e176acb74bfdde088
RouteB,arakelov-rh-descent,fb50a23fffef99d2849d865662336e376b02b7d7,lean/Closure/SelbergTraceSubClosure.lean,fc67889f1aae24649ae0db001705215d15108d4136957b2604dff1883f37b00a
RouteB,arakelov-rh-descent,fb50a23fffef99d2849d865662336e376b02b7d7,lean/Closure/SelbergWeilClosure.lean,7ea6ee0a4dad7a8a9ae331a6d4c31aeb24477914081a936038bbb95dae2c01c3
RouteB,arakelov-rh-descent,fb50a23fffef99d2849d865662336e376b02b7d7,lean/Closure/SineGrowthSubClosure.lean,1d20842b9597b316ae3820b0e946478334e8e401edd17324359ab7bf32975a9f
RouteB,arakelov-rh-descent,fb50a23fffef99d2849d865662336e376b02b7d7,lean/Closure/WeilBoundSubClosure.lean,5dc9ad0db36ee2acef68248153e1878839c62321048e2f319c1f9171cb9988b8
RouteB,arakelov-rh-descent,fb50a23fffef99d2849d865662336e376b02b7d7,lean/Closure/WeilBoundToGRHClosure.lean,fa2c92d49e601cb5d469206745e986ef862d68e8d31fce0a96e1ab04fd209284
RouteB,arakelov-rh-descent,fb50a23fffef99d2849d865662336e376b02b7d7,lean/Closure/WeilExplicitSubClosure.lean,4664f9b0d64d6d787b4b690e744f7110320ce2070c8fd8e3fa83b7de25c55b7d
RouteB,arakelov-rh-descent,fb50a23fffef99d2849d865662336e376b02b7d7,lean/Closure/WeilGateAttack.lean,485c648959970c21fd2e349def81f695ac7fb72a5731b5bf6631505f84e89839
RouteB,arakelov-rh-descent,fb50a23fffef99d2849d865662336e376b02b7d7,lean/Closure/ZFRGateAttack.lean,160f9b9c9faa08d22247285c744a776ed99fb60d4036a6de121434f69495cf6b
RouteB,arakelov-rh-descent,fb50a23fffef99d2849d865662336e376b02b7d7,lean/Closure/ZeroFreeStripSubClosure.lean,8b0723b7f0958a4df2ec381a05e183fec11c9e38e35a070f320af4f567e52bcf
RouteB,arakelov-rh-descent,fb50a23fffef99d2849d865662336e376b02b7d7,lean/Closure/ZetaZeroFreeClosure.lean,451723cb0aa470a9acd51e69cd2a7aebc4ff05ec7643872c398ca62c5a0ec83d
RouteB,arakelov-rh-descent,fb50a23fffef99d2849d865662336e376b02b7d7,lean/Closure/ZetaZeroFreeDecomp.lean,1620a3fac63118553c6bac8fb58cdae6ab9d1e06675287599e07b3296e74e66e
RouteB,arakelov-rh-descent,fb50a23fffef99d2849d865662336e376b02b7d7,lean/Foundations/Arithmetic.lean,3262b3babef9151f762c097ae3c8b2eee254fe08fa51e31f6498918e7e99fa77
RouteB,arakelov-rh-descent,fb50a23fffef99d2849d865662336e376b02b7d7,lean/Foundations/BQF_Standalone.lean,4fec5ec661384db3d2c7904ebfccb3875656b0ac53acbd36becfbdbb367c7c19
RouteB,arakelov-rh-descent,fb50a23fffef99d2849d865662336e376b02b7d7,lean/Foundations/Objects.lean,aa20739d2a48b025893e065817481884e3dc7e05953ec52895317023ce4ee270
RouteB,arakelov-rh-descent,fb50a23fffef99d2849d865662336e376b02b7d7,lean/Foundations/README.md,f761f15df0b5d01472ffe3dba453ff801b6cdda782e5f76539a52babf9e3489c
RouteB,arakelov-rh-descent,fb50a23fffef99d2849d865662336e376b02b7d7,lean/GRH/GRHToRH.lean,e6a18a440cbf7b4390d347ec6a59d0b01e55c38b24b1609325511173c30ed839
RouteB,arakelov-rh-descent,fb50a23fffef99d2849d865662336e376b02b7d7,lean/GRH/NonVanishing.lean,f0f2afc002ce1c2fb6688848d58eff7da03515f0f1dba6f0f342146580accd9b
RouteB,arakelov-rh-descent,fb50a23fffef99d2849d865662336e376b02b7d7,lean/GRH/README.md,25700920b1345bdf375ddd06611db37195e9f5291e4301000f97e95b9ca5e130
RouteB,arakelov-rh-descent,fb50a23fffef99d2849d865662336e376b02b7d7,lean/Hodge/HodgeAbelian_200_Standalone.lean,40cedd262e92f23aca597e23fd18b9d4da5ca021267dde1916c2239a3f26b544
RouteB,arakelov-rh-descent,fb50a23fffef99d2849d865662336e376b02b7d7,lean/Hodge/README.md,d7aa4a3d74230cf8869c4012d7d625d67802c70dc485b28f8aeba5878e255fdd
RouteB,arakelov-rh-descent,fb50a23fffef99d2849d865662336e376b02b7d7,lean/KimSarnak/GelbartJacquet.lean,ca5cc30dcfddaba8530a127e36b0f31270d963e04f45e922693bdfbc79f0bb04
RouteB,arakelov-rh-descent,fb50a23fffef99d2849d865662336e376b02b7d7,lean/KimSarnak/MainTheorem.lean,6cc875210ccf06d7d2da70add2043c925ca16f27a7e415acf2eee7f2b1ae41a1
RouteB,arakelov-rh-descent,fb50a23fffef99d2849d865662336e376b02b7d7,lean/KimSarnak/README.md,384fe3e063950ee2a6569c3054071234c44d18464dfe1b51eaf8f346fadac51f
RouteB,arakelov-rh-descent,fb50a23fffef99d2849d865662336e376b02b7d7,lean/KimSarnak/RHKimSarnakDescent.lean,aacb2e17db9986dcfb9fd70475f242d39971941438f73ee1ccf72db845da6f95
RouteB,arakelov-rh-descent,fb50a23fffef99d2849d865662336e376b02b7d7,lean/KimSarnak/SpectralGap.lean,a0441abd16c1ea034d5efdf840fcd88584c21d11f87035be3c9b18c01884f2b9
RouteB,arakelov-rh-descent,fb50a23fffef99d2849d865662336e376b02b7d7,lean/Langlands/Descent.lean,2e59304fc8fd307b510d56e855466528ef6c73c89da8ba01374881eed44cdeab
RouteB,arakelov-rh-descent,fb50a23fffef99d2849d865662336e376b02b7d7,lean/Langlands/README.md,8096591c5de68b1295ea0c4a8dd2e0c0fcc81c530d63357b70ae2ef66a6f0988
RouteB,arakelov-rh-descent,fb50a23fffef99d2849d865662336e376b02b7d7,lean/Langlands/RankinSelberg.lean,48b46d159d533088034533764b1f3ea2dfb2df30d00f94b116db75e0fb0a27c1
RouteB,arakelov-rh-descent,fb50a23fffef99d2849d865662336e376b02b7d7,lean/README.md,3bfb8dc1b524606386030c98b522cde1d15e7fc8b4c2bc94da90c4efac0dee56
RouteB,arakelov-rh-descent,fb50a23fffef99d2849d865662336e376b02b7d7,lean/RHKimSarnakDescent.lean,e6a05dc6d8e48caea9dbc3c392db681420b356a04b5a9cd66f84d9208b5af57e
RouteB,arakelov-rh-descent,fb50a23fffef99d2849d865662336e376b02b7d7,lean/Selberg/README.md,d496fae281c6f65f9c47d155ff13f6748770499f8e0e0956bb0a56bb51a3c99f
RouteB,arakelov-rh-descent,fb50a23fffef99d2849d865662336e376b02b7d7,lean/Selberg/TraceFormula.lean,6c8c512615d82f1adfda3299a23b230346695ae60d79a12bb0b6e817b3cd9a56
RouteB,arakelov-rh-descent,fb50a23fffef99d2849d865662336e376b02b7d7,lean/SubClosure/Batch155CloseIsogenyGaps_Standalone.lean,05d7a2ccefbfadccf6f0dff7341e0c8bff639471bb3dd0a21365df1fbc99a725
RouteB,arakelov-rh-descent,fb50a23fffef99d2849d865662336e376b02b7d7,lean/SubClosure/Batch156HasseBoundClose_Standalone.lean,4ff7cb27c3e4655122f6745421cfe6eb5a35d6f48456ccd03959e757ade6824b
RouteB,arakelov-rh-descent,fb50a23fffef99d2849d865662336e376b02b7d7,lean/SubClosure/README.md,eed2d9fab7ec832ea8104731079741b61c279a8ed6bd32a4b22ab0df7ea6e57d
RouteB,arakelov-rh-descent,fb50a23fffef99d2849d865662336e376b02b7d7,lean-toolchain,e6930c662006db4d6dc76c651d60a608e4f6a18bcfd53e6b0167d70a125285d5
RouteB,arakelov-rh-descent,fb50a23fffef99d2849d865662336e376b02b7d7,start.sh,a34848be7178291d609412673dee6fee619d5b5d8e2ab9de802328215fccf191
RouteC,rh-growth-contradiction,82cf0249869035f7339a1c75eae2e6da0399fc44,.github/workflows/lean.yml,93da07fae7437330e82b741adf0bb987dd6b153069bb11167a2ddfbc58aeaab1
RouteC,rh-growth-contradiction,82cf0249869035f7339a1c75eae2e6da0399fc44,.github/workflows/notify-bridge.yml,a21022732de4abe9b9bb3dc9d6a24ef1c81728b73f57e90a8631dc7bfaf3b3f7
RouteC,rh-growth-contradiction,82cf0249869035f7339a1c75eae2e6da0399fc44,.gitignore,fde850d24186b6e99c8c0debd641fb3ab85198b109eb66f71a1fea02bd6ea1b3
RouteC,rh-growth-contradiction,82cf0249869035f7339a1c75eae2e6da0399fc44,.zenodo.json,7238cf8165afe2b5423e57c583bee0a7fd3c35688d4afbaaabb06a6e3e06e8ad
RouteC,rh-growth-contradiction,82cf0249869035f7339a1c75eae2e6da0399fc44,AGENTS.md,adf9edc56397cb7944005122698585c858d61698057b4968214a70c1bed10f6f
RouteC,rh-growth-contradiction,82cf0249869035f7339a1c75eae2e6da0399fc44,CHAIN.md,f038045883fcdb48f5d910d5aee890399de535bf683063be7536d148808ba991
RouteC,rh-growth-contradiction,82cf0249869035f7339a1c75eae2e6da0399fc44,CITATION.cff,32694a66b82718e0852154c8ca0392c756d3ee7baa059b56e2ff81baa422f75f
RouteC,rh-growth-contradiction,82cf0249869035f7339a1c75eae2e6da0399fc44,LICENSE.txt,bae5ed773c8831509b9ff74aef5bfc297284b065c47d7be771d4d61041cf5715
RouteC,rh-growth-contradiction,82cf0249869035f7339a1c75eae2e6da0399fc44,OPERA_LINK.json,6811560b49cdfa1aa71d52e451c81aeade27ae611df03243778dcd2facb050c6
RouteC,rh-growth-contradiction,82cf0249869035f7339a1c75eae2e6da0399fc44,README.md,c1773f438d9958cd7a104bb609f3b25e5376180afcb137d55d78da372dc25d76
RouteC,rh-growth-contradiction,82cf0249869035f7339a1c75eae2e6da0399fc44,lakefile.lean,18ef207715ca4e17831e4f25ebd76fa7d92d42e919e051addaf47ac392d430f7
RouteC,rh-growth-contradiction,82cf0249869035f7339a1c75eae2e6da0399fc44,lean/Ingham/README.md,1d91485dddb814e5117af823938d662de15c461e5d0ce51085786c467dc08082
RouteC,rh-growth-contradiction,82cf0249869035f7339a1c75eae2e6da0399fc44,lean/Ingham/ZeroRepulsion.lean,3c74f1332c25101abf9f16b969810f03ea5773e84c72c9c76003c3adc713dc5e
RouteC,rh-growth-contradiction,82cf0249869035f7339a1c75eae2e6da0399fc44,lean/Littlewood/EulerProduct.lean,001f6ffccaf0e8ae83d9ede7d52c398354b611e2cb1929c857b3973812060063
RouteC,rh-growth-contradiction,82cf0249869035f7339a1c75eae2e6da0399fc44,lean/Littlewood/ExplicitFormula.lean,9aaba645fc81da61cd281460719b68704aca1ee0fddc9792e1a8d7833b5be54a
RouteC,rh-growth-contradiction,82cf0249869035f7339a1c75eae2e6da0399fc44,lean/Littlewood/Kronecker.lean,49f903e2475bf7c18a89cb1c8cf41e1518e5258e68b83143b526bec7006986a2
RouteC,rh-growth-contradiction,82cf0249869035f7339a1c75eae2e6da0399fc44,lean/Littlewood/KroneckerGeneral.lean,7ac76cc777127236112d186522fc17c0c2ce6cb1158fafb2a1ddd9b7a8315f5b
RouteC,rh-growth-contradiction,82cf0249869035f7339a1c75eae2e6da0399fc44,lean/Littlewood/Mollifier.lean,a59d9d6e9963cbc6dec05f10366842e3e0fcca1c5df9c03b65beb85efe6335a4
RouteC,rh-growth-contradiction,82cf0249869035f7339a1c75eae2e6da0399fc44,lean/Littlewood/MollifierFinal.lean,e1406445a8771c09cd9bf8bcec07b156034cceeae088d0c60b598f870aca6269
RouteC,rh-growth-contradiction,82cf0249869035f7339a1c75eae2e6da0399fc44,lean/Littlewood/MollifierToLittlewood.lean,d8a9eb0419e602e9d61f385fd08d47b99ccb0f4176d9c95f97d2ba18edcff618
RouteC,rh-growth-contradiction,82cf0249869035f7339a1c75eae2e6da0399fc44,lean/Littlewood/MollifierUpper.lean,8895d099b80b9180093b014e68c93953e42b506c7aa78b99183a6ea8b78267d0
RouteC,rh-growth-contradiction,82cf0249869035f7339a1c75eae2e6da0399fc44,lean/Littlewood/OmegaLowerBound.lean,7879dad8309f51438310851aa5829479c6d53469e520e6b019149eb32b9bf649
RouteC,rh-growth-contradiction,82cf0249869035f7339a1c75eae2e6da0399fc44,lean/Littlewood/Perron.lean,4d7f4aac3c9c6f34beee4b743bb88e3cd7b0ad129ba6b87d07dde2d613ad126e
RouteC,rh-growth-contradiction,82cf0249869035f7339a1c75eae2e6da0399fc44,lean/Littlewood/README.md,c0d9d54f0c8e726875187c9561b13d32d596cd17ca01e79d7b6f8edaaa841deb
RouteC,rh-growth-contradiction,82cf0249869035f7339a1c75eae2e6da0399fc44,lean/Littlewood/UniformToDensity.lean,4d24f5a5f1ffc44dfd8bf361b71f1d2119ed2ad9e518748672e47c82b73789e2
RouteC,rh-growth-contradiction,82cf0249869035f7339a1c75eae2e6da0399fc44,lean/Littlewood/ZeroRepulsionIngham.lean,bf05fd04046e7980d23c70e876f098ac8a582a6a475626d792ff26e8ffe2c433
RouteC,rh-growth-contradiction,82cf0249869035f7339a1c75eae2e6da0399fc44,lean/README.md,dfb4f23035dbe104c2c2e8a52c609559324369c3faf38d1904e19ab8aa2f2189
RouteC,rh-growth-contradiction,82cf0249869035f7339a1c75eae2e6da0399fc44,lean/RouteC/Bridge.lean,30dd3c77d1c9eb19776357a0071a8d27ddcfc57bf83a9bb546bd896232f588f9
RouteC,rh-growth-contradiction,82cf0249869035f7339a1c75eae2e6da0399fc44,lean/RouteC/BridgeLittlewoodBostConnes.lean,6c1cc213ace9a828ca27c1d500734eca6cecb1c44475cef922d6fd357668921e
RouteC,rh-growth-contradiction,82cf0249869035f7339a1c75eae2e6da0399fc44,lean/RouteC/ClayRH.lean,efed7016d220a19ee96a6fdd41bf6f01fadfb4bd0ab008dc0973945d9fe091ac
RouteC,rh-growth-contradiction,82cf0249869035f7339a1c75eae2e6da0399fc44,lean/RouteC/LindelofToRH.lean,8cc20591de8f07f17c75ccc593998da85ab18e3f413232acd6ed5f44500ac80d
RouteC,rh-growth-contradiction,82cf0249869035f7339a1c75eae2e6da0399fc44,lean/RouteC/README.md,b8bd909e4f8e35af9c93e45d41b2e1f45894899e064b27d8da197d2f351d0ffd
RouteC,rh-growth-contradiction,82cf0249869035f7339a1c75eae2e6da0399fc44,lean/RouteC/RamanujanToRH.lean,4427f77df2d385ae413385cdd4f7da97c1ae7d1e4cf466a31c126f939e670989
RouteC,rh-growth-contradiction,82cf0249869035f7339a1c75eae2e6da0399fc44,lean/RouteC/RouteC_Unconditional_S4.lean,39c21dc8f6de88e2a521721f180363a3a8701b4baf76e737f6145d1098815100
RouteC,rh-growth-contradiction,82cf0249869035f7339a1c75eae2e6da0399fc44,lean/RouteC/SymmetryAndErrorRate.lean,7129779bc745221baaa6a18028d6b114769c522bc193f7c658851d81c6b58955
RouteC,rh-growth-contradiction,82cf0249869035f7339a1c75eae2e6da0399fc44,lean/RouteC/UnconditionalPath.lean,d18d648498c885b48d164841f964620ef0c3df1b1e41638422501fe2950e0e2f
RouteC,rh-growth-contradiction,82cf0249869035f7339a1c75eae2e6da0399fc44,lean/growthbound.lean,c0a76e71fc3604bda9553400016f05acc7864532cfa09397394dae6c64b50586
RouteC,rh-growth-contradiction,82cf0249869035f7339a1c75eae2e6da0399fc44,lean-toolchain,e6930c662006db4d6dc76c651d60a608e4f6a18bcfd53e6b0167d70a125285d5
RouteC,rh-growth-contradiction,82cf0249869035f7339a1c75eae2e6da0399fc44,lean-toolchain.bin,e6930c662006db4d6dc76c651d60a608e4f6a18bcfd53e6b0167d70a125285d5
RouteD,brothers-desert-proof,640607b4c4caf107042558a9a2ac21351408fc50,.github/workflows/ensemble-links.yml,95d06be2b0a6d9fe2babb3374892c37281592dab95c796174822671884153a3f
RouteD,brothers-desert-proof,640607b4c4caf107042558a9a2ac21351408fc50,.github/workflows/lean.yml,9a6ce9ea4c2892b49243aecde99b50e199f575428a86312b6b4dda7ba0168c13
RouteD,brothers-desert-proof,640607b4c4caf107042558a9a2ac21351408fc50,.github/workflows/main.yml,4ab8fe81be538759da310d7cbcfef11c3abbaec64190a46940d184203a21a057
RouteD,brothers-desert-proof,640607b4c4caf107042558a9a2ac21351408fc50,.github/workflows/notify-bridge.yml,a21022732de4abe9b9bb3dc9d6a24ef1c81728b73f57e90a8631dc7bfaf3b3f7
RouteD,brothers-desert-proof,640607b4c4caf107042558a9a2ac21351408fc50,.gitignore,6ffca56d44746974099c196dd68ca8cb7d7ba104388c668cd0e3532d3cf58d40
RouteD,brothers-desert-proof,640607b4c4caf107042558a9a2ac21351408fc50,.zenodo.json,8867c5bfa9be8cb48894b61675757347fc1df20e29c7dcd737ef8dfb208d847f
RouteD,brothers-desert-proof,640607b4c4caf107042558a9a2ac21351408fc50,AGENTS.md,ba7a7c47733f973543726158aa507e18dbc299f32b9b38bdd81118f19064b256
RouteD,brothers-desert-proof,640607b4c4caf107042558a9a2ac21351408fc50,ArakelovFoundations.lean,89bf0be59fdf9bd6c905b4dfce476401c066f072e9df718e0eeded226e13343c
RouteD,brothers-desert-proof,640607b4c4caf107042558a9a2ac21351408fc50,CERT_LOG.md,fd9552d451dc6e069ad9ec091e811b046944743bf5caf6e300c20151136024e9
RouteD,brothers-desert-proof,640607b4c4caf107042558a9a2ac21351408fc50,CHAIN.md,d951aa2fa4fdca0ca332bc7fa07965c6ce8e3c61150e3713c60703ef4ab9d78e
RouteD,brothers-desert-proof,640607b4c4caf107042558a9a2ac21351408fc50,CITATION.cff,1f85178c248483de6b9b7c5996e39b9d1fb61977c1396a560bf8420a71c0d0d1
RouteD,brothers-desert-proof,640607b4c4caf107042558a9a2ac21351408fc50,Closure/ArakelovFoundations.lean,19d93843a641c8edf54f16deba1f8067a275bc1e4eb6bdfee01456536a5bceb8
RouteD,brothers-desert-proof,640607b4c4caf107042558a9a2ac21351408fc50,Closure/README.md,2ed226c59f6929224de35696f407e7a136c9e2dc1c3eeaab983feb4fbf3e6616
RouteD,brothers-desert-proof,640607b4c4caf107042558a9a2ac21351408fc50,Closure/RouteCClosed.lean,57215c699c154318716fd276f30e522a4a35b8a0eaf26209998ac97685fbcbfb
RouteD,brothers-desert-proof,640607b4c4caf107042558a9a2ac21351408fc50,ContradictionRoute/GrowthRepulsionBridge.lean,73a9ab5114ecc9224b15d89039a6752671bc987928a6bd288ab24dab26b7ecc2
RouteD,brothers-desert-proof,640607b4c4caf107042558a9a2ac21351408fc50,ContradictionRoute/LanglandsWeilTransfer.lean,cc9ba8266724926444dce3d8614a03b2625564574a75c554baa78ec946c0ac2c
RouteD,brothers-desert-proof,640607b4c4caf107042558a9a2ac21351408fc50,ContradictionRoute/README.md,587f551542b8dc91332bbb4069725e6fa45347a2f895d2d372b098de3d8cd39a
RouteD,brothers-desert-proof,640607b4c4caf107042558a9a2ac21351408fc50,Eutheos/Bridge.lean,ef628a4b8c2cd7b00dcc475a90fba77f341d48e1a9871b8250fa3704fe1f3b68
RouteD,brothers-desert-proof,640607b4c4caf107042558a9a2ac21351408fc50,Eutheos/EulerProductLemmas.lean,0f5ba5a8f84332c8fa872a8e5689833e26d07455976dcbd4a5551b16ebdb581c
RouteD,brothers-desert-proof,640607b4c4caf107042558a9a2ac21351408fc50,Eutheos/FinalAxioms.lean,3d8e3de1483ae44a16728600543dd0faa182921d47e0ce5dbf62e67a55dbe0d9
RouteD,brothers-desert-proof,640607b4c4caf107042558a9a2ac21351408fc50,Eutheos/Object.lean,afcfa33b8e61b038d53c2486bbbe916c9e61e26cc010fcb949685578ef8277bd
RouteD,brothers-desert-proof,640607b4c4caf107042558a9a2ac21351408fc50,Eutheos/README.md,7197eef811a6d59a205da5ebad4d4afe9966d8552af05d3c20f37150b555a2da
RouteD,brothers-desert-proof,640607b4c4caf107042558a9a2ac21351408fc50,Eutheos/RH.lean,47c984caeaabbd2f326b838d178a54773f7f245054d32a441172c408b55888e9
RouteD,brothers-desert-proof,640607b4c4caf107042558a9a2ac21351408fc50,Eutheos/RamanujanFactorization.lean,5d5c8cfea7112ecc4dc9971094d0e2ca2fcd7fb25a0183f8e78668c2fa0a5286
RouteD,brothers-desert-proof,640607b4c4caf107042558a9a2ac21351408fc50,Eutheos/RationalContradicts.lean,125beec87c6fae24aa55a7a4273378466124810e3e324f1cad92c91b401e8091
RouteD,brothers-desert-proof,640607b4c4caf107042558a9a2ac21351408fc50,Eutheos/RationalTheta.lean,62c01f775042b611c78476f03c03b86e103e50624bf9c7f9bb64ed3148a777db
RouteD,brothers-desert-proof,640607b4c4caf107042558a9a2ac21351408fc50,Eutheos/Theta.lean,77e378c3d74b7cf83968a0863059dc7c74e3e62472f26d6478f2651d902dd934
RouteD,brothers-desert-proof,640607b4c4caf107042558a9a2ac21351408fc50,Eutheos/Unconditional.lean,4c306e49f50be5c3f0a1d41e82bdbef489222ecdc9fc05847dcca46790d5433c
RouteD,brothers-desert-proof,640607b4c4caf107042558a9a2ac21351408fc50,FOR_BRIDGE.txt,19755d3f0e8cca68dd3adaabf8463d1b5dcab4adff17018ee3d2c6c3b170357e
RouteD,brothers-desert-proof,640607b4c4caf107042558a9a2ac21351408fc50,Family/Brothers1419.lean,2409ecaea3cba2cab2878dd168fc1c2d23eb7d5498a17e0733ee3c01e3b9b0cd
RouteD,brothers-desert-proof,640607b4c4caf107042558a9a2ac21351408fc50,Family/BrothersAnalysis.lean,e488982a7a2e25be9a26af4766cd2fde323cbf3be45e449a4ff3e7595c9d4bb1
RouteD,brothers-desert-proof,640607b4c4caf107042558a9a2ac21351408fc50,Family/DirichletJitterTime.lean,4fea2e2fa0bb60ae62e01f1e91448837fb3629eb4aa59683df15507d42e7d96f
RouteD,brothers-desert-proof,640607b4c4caf107042558a9a2ac21351408fc50,Family/ExceptionalPrimes.lean,2ce221c5a93f6b6ed44da3bdbedf2e66b7141c3af5af61ae1474c33fd24dfc20
RouteD,brothers-desert-proof,640607b4c4caf107042558a9a2ac21351408fc50,Family/FibonacciChain.lean,a9d8f68dd8ea2ca9c17adb849709c1966ed70c595517ed948a23f42ae8b0172d
RouteD,brothers-desert-proof,640607b4c4caf107042558a9a2ac21351408fc50,Family/GapHamming.lean,461e6bedb474da9092a2c0108979926a8aae70f5df5234d35bc69f0a8ee4f8e2
RouteD,brothers-desert-proof,640607b4c4caf107042558a9a2ac21351408fc50,Family/H4Throat.lean,f85e0d0d498619f65f71f52d63d5cd768c0211b1b88e8b8c29f674bd26da3d07
RouteD,brothers-desert-proof,640607b4c4caf107042558a9a2ac21351408fc50,Family/H4Tower.lean,429e2cf0ff8335717e34b6b91e04494d019307e5a38f726640844be4936be7a2
RouteD,brothers-desert-proof,640607b4c4caf107042558a9a2ac21351408fc50,Family/PrimesInPi.lean,cb34ee2002f9a21a31719ff8f5988252b943228b3e3404cf9f6b73cb3426a67a
RouteD,brothers-desert-proof,640607b4c4caf107042558a9a2ac21351408fc50,Family/README.md,374754872576a6fae321cb9770cae6fa85b95cd831f82ec7b19612e493da5ca1
RouteD,brothers-desert-proof,640607b4c4caf107042558a9a2ac21351408fc50,Family/TwinPrimes.lean,06cbed51804b9b1c5be02420e70c8dc4bdcb63d7285de9c5205d671b0e338085
RouteD,brothers-desert-proof,640607b4c4caf107042558a9a2ac21351408fc50,Lindelof/GrowthBoundReal.lean,90d95b262b8bb01e35d04272df33e38db5e3bfed7c6af550cd53c0f69daa1995
RouteD,brothers-desert-proof,640607b4c4caf107042558a9a2ac21351408fc50,Lindelof/LindelofBridge.lean,d9f2fc06f63d21f0e16bdd88d7d634cd63be936fe2a69e08d008ae90cbbb4ce5
RouteD,brothers-desert-proof,640607b4c4caf107042558a9a2ac21351408fc50,Lindelof/README.md,e7d41ea2b1f7ae0da4dc758bc5d6546091e0a77eed1dede17cdefbd0088c6b86
RouteD,brothers-desert-proof,640607b4c4caf107042558a9a2ac21351408fc50,MathlibFix/ComplexLogFix.lean,968c18b128cedf4bd6f46847808cec92bb8280e288e304af6af9c9c911bf3302
RouteD,brothers-desert-proof,640607b4c4caf107042558a9a2ac21351408fc50,MathlibFix/README.md,d57c69ddaae15f30d01fd1932c8fa7f49693a188683760c71770bd465820f766
RouteD,brothers-desert-proof,640607b4c4caf107042558a9a2ac21351408fc50,OPERA_LINK.json,2be533b11b47604cd92811adb6462243831ca40c64803aae7580f8a096c04d42
RouteD,brothers-desert-proof,640607b4c4caf107042558a9a2ac21351408fc50,OperaNumerorum_MasterEquations.pdf,cf14334b84a1fe031ae32a73052d511f02c694685690b499fc6b1df4d307c938
RouteD,brothers-desert-proof,640607b4c4caf107042558a9a2ac21351408fc50,Protocol/Chain.lean,54b3a946ab231f89d7a8f25fa1c48b0819409ab2da6d9f5b0391d1d1cabe9de1
RouteD,brothers-desert-proof,640607b4c4caf107042558a9a2ac21351408fc50,Protocol/README.md,fffe01d0fffc5cc88085ce3d641f5132d4ff663c5f42fe42071b80616c0bea35
RouteD,brothers-desert-proof,640607b4c4caf107042558a9a2ac21351408fc50,README.md,aff4da18201314b0f6a3557809b46a67ae5f72dc834847c246e23f76698d43a5
RouteD,brothers-desert-proof,640607b4c4caf107042558a9a2ac21351408fc50,REPOS.md,98fc71d022a89d4a06e11a7385cc1d79c4a895a429103147fd61e6a8f35df269
RouteD,brothers-desert-proof,640607b4c4caf107042558a9a2ac21351408fc50,Route/README.md,ed9663512dab42b4a3c9e5d19c3d1b417f0c2142d88c633e58d1bb8e38e2053e
RouteD,brothers-desert-proof,640607b4c4caf107042558a9a2ac21351408fc50,Route/RouteA.lean,a1a5f0ff5f88e3aacfbd647a2f645121cd339a44066a140f285173c4d93264df
RouteD,brothers-desert-proof,640607b4c4caf107042558a9a2ac21351408fc50,Route/RouteB.lean,e0e565eeae88f515af7106b1fb4d5787a29bec87acf499d04264d3622ace6ebd
RouteD,brothers-desert-proof,640607b4c4caf107042558a9a2ac21351408fc50,Route/RouteD.lean,4e4bac99fa6e9bc1f547a011ca3d46b4c865ccb604558cba06dd60def282f0f5
RouteD,brothers-desert-proof,640607b4c4caf107042558a9a2ac21351408fc50,SelfSymmetry/ClayWitness.lean,3aabcbc53c604cb26ac265dbcfb5c80889e38b3f0017dcacb76d32292618a12c
RouteD,brothers-desert-proof,640607b4c4caf107042558a9a2ac21351408fc50,SelfSymmetry/Core.lean,44dfc0d7ff2ee32932a0369ea3b4b7dbdd6cfa31ee0f90983acd485be880ffcb
RouteD,brothers-desert-proof,640607b4c4caf107042558a9a2ac21351408fc50,SelfSymmetry/Desert.lean,c4d5811325b799cbd48dfef95ddffdcd562d7f35df6c7d268cd6580720bd814d
RouteD,brothers-desert-proof,640607b4c4caf107042558a9a2ac21351408fc50,SelfSymmetry/JitterSymmetry.lean,1ff1d538c5c67240935c9eb3b824a7f3940497409924c19fdcee3cd60cfebffa
RouteD,brothers-desert-proof,640607b4c4caf107042558a9a2ac21351408fc50,SelfSymmetry/README.md,2a44fa1d18589ec71d849f3b03486fad539c6bf944ef1922cb892131ad431973
RouteD,brothers-desert-proof,640607b4c4caf107042558a9a2ac21351408fc50,SelfSymmetry/TwinWormhole.lean,dc2811fd070fe9ed848d4706b1e5653b78d3724d54eb2997da1d15cfdbc21d8c
RouteD,brothers-desert-proof,640607b4c4caf107042558a9a2ac21351408fc50,Siegel/README.md,225886ddcba97a9fa06c4bc3022fe093e52a5f5275418cb8501998f6490af419
RouteD,brothers-desert-proof,640607b4c4caf107042558a9a2ac21351408fc50,Siegel/SiegelZeroFree.lean,ec55886ff86ef8da1dea9c3442f34ec07fb4f79fc7899fcb4a8390d9adbe661b
RouteD,brothers-desert-proof,640607b4c4caf107042558a9a2ac21351408fc50,Siegel/SiegelZeroFreeElementary.lean,05493eb64c2afa42a7892b62a84ce02ebaf05a1a562264663080b2e397d88cf2
RouteD,brothers-desert-proof,640607b4c4caf107042558a9a2ac21351408fc50,Siegel/SiegelZeroFreeRe1.lean,009608a508998170be4c3aa449eeeb6441ae59199a1f8d854bc035bb941a6263
RouteD,brothers-desert-proof,640607b4c4caf107042558a9a2ac21351408fc50,Towers/Common/Conductor.lean,61ba58ef9f0efb101ee4c5b4ad5dda1805242271434c6df3c2720913e321c05b
RouteD,brothers-desert-proof,640607b4c4caf107042558a9a2ac21351408fc50,Towers/Common/README.md,81bcfcebe2a452189106efcc9be2b2d4c6524762689e72826af80fc0b162402f
RouteD,brothers-desert-proof,640607b4c4caf107042558a9a2ac21351408fc50,Towers/README.md,86f66913b0915291527d638bc72feb6c8e647915013dc9fabcfade7fe50a182f
RouteD,brothers-desert-proof,640607b4c4caf107042558a9a2ac21351408fc50,Towers/RH/Arakelov/AbbesUllmo.lean,83f316218c6c9b210a3b3e827f25853935c4cf53d5ff254e54f5e834786051fb
RouteD,brothers-desert-proof,640607b4c4caf107042558a9a2ac21351408fc50,Towers/RH/Arakelov/README.md,267cfe535c772acd007452278fb72f099aa7026e06cdee1450f07df5f6a57f0a
RouteD,brothers-desert-proof,640607b4c4caf107042558a9a2ac21351408fc50,Towers/RH/Axioms.lean,571d1cfabb675e61b6632c71d5defc34f7a7229eb50d91aa5b97fe549dd44b81
RouteD,brothers-desert-proof,640607b4c4caf107042558a9a2ac21351408fc50,Towers/RH/Bridge143.lean,be5872ad3a5083215d6d9e9831e22e8a4cd2f72f925618158d34337237ac0999
RouteD,brothers-desert-proof,640607b4c4caf107042558a9a2ac21351408fc50,Towers/RH/Chain/C01_Arakelov.lean,2e833152c3ade33033af31315b115e855ac2fa08179f1ffde32ea757783d0f58
RouteD,brothers-desert-proof,640607b4c4caf107042558a9a2ac21351408fc50,Towers/RH/Chain/C02_Modularity.lean,e772feeaa3c1a923087894179a514b42bba9e736eacae90e602ed5899f946850
RouteD,brothers-desert-proof,640607b4c4caf107042558a9a2ac21351408fc50,Towers/RH/Chain/C03_Positivity.lean,295a634864dcec5fd9e0752c87b4fea902cd265c127f815f8f01c0c54a35c1e6
RouteD,brothers-desert-proof,640607b4c4caf107042558a9a2ac21351408fc50,Towers/RH/Chain/C04_HeightBound.lean,f88d7457fb596a3ffa7387b3792b9ca0e043bf66fdf44c436938285d951757a8
RouteD,brothers-desert-proof,640607b4c4caf107042558a9a2ac21351408fc50,Towers/RH/Chain/C05_Discriminant.lean,44993ff39786d6a83163c6d2a88943b97cff963ec3548cc58aa77af0e0d1a8fe
RouteD,brothers-desert-proof,640607b4c4caf107042558a9a2ac21351408fc50,Towers/RH/Chain/C06_ZetaControl.lean,de5489d7268bcb1ad3a08da73ee437ef8fd5c59dad9f72b84011c598d1a54e4c
RouteD,brothers-desert-proof,640607b4c4caf107042558a9a2ac21351408fc50,Towers/RH/Chain/C07_RH.lean,73bf535c079332c83b28a3598cf2b4136f28e1d013a706d77dbcd374afd1b8b3
RouteD,brothers-desert-proof,640607b4c4caf107042558a9a2ac21351408fc50,Towers/RH/Chain/C08_M4WeilBridge.lean,336c0ec27a4091d3471f84957c881e3aa777e2810ff3b25f823b634087b1e90b
RouteD,brothers-desert-proof,640607b4c4caf107042558a9a2ac21351408fc50,Towers/RH/Chain/C09_P5Bridge.lean,4130441c14fe66875ad5a7a3403c3cb0bf46baf69055117ab67553f9522cf309
RouteD,brothers-desert-proof,640607b4c4caf107042558a9a2ac21351408fc50,Towers/RH/Chain/C10_MainTheorem.lean,40209b53521eb27c447d376d7f6cb6cf8d0d7c94ddcba42f082fd16a201ba1b7
RouteD,brothers-desert-proof,640607b4c4caf107042558a9a2ac21351408fc50,Towers/RH/Chain/C11_CertificateClosure.lean,d570dd9b6d8614c72343e0e8f7adc058b02d541fa891c0e5f72a144e054cbce0
RouteD,brothers-desert-proof,640607b4c4caf107042558a9a2ac21351408fc50,Towers/RH/Chain/C12_M9Integration.lean,28997e923fd93e1e6e0eb2b802d051437b9b80293176a5fbaa74409e48d24fef
RouteD,brothers-desert-proof,640607b4c4caf107042558a9a2ac21351408fc50,Towers/RH/Chain/C13_ArakelovToRH.lean,3a35108099f230a1371787abf5d6d2528459a4c9a231a85835ab4fb136999063
RouteD,brothers-desert-proof,640607b4c4caf107042558a9a2ac21351408fc50,Towers/RH/Chain/C14_BC6SpectralGap.lean,72b3311ddc56511b9c752e0d2c4b5639babee51083904d729974fc7a8efe679a
RouteD,brothers-desert-proof,640607b4c4caf107042558a9a2ac21351408fc50,Towers/RH/Chain/C15_BC6ClassNumber.lean,5e1c21475a42fd742feeddb6a6a793446cfbe39838c0cde3790bad12e979c4d5
RouteD,brothers-desert-proof,640607b4c4caf107042558a9a2ac21351408fc50,Towers/RH/Chain/C16_MasterCertification.lean,5e877d1f00f215dc279c118c50e3dba64ba9e4c655ff05a6336ad69598bbbe85
RouteD,brothers-desert-proof,640607b4c4caf107042558a9a2ac21351408fc50,Towers/RH/Chain/C17_ArakelovPairingCert.lean,241a7a22bfc39e7a4cf148f515e5d539470c2c91e0af01c198aa9efcd0363a96
RouteD,brothers-desert-proof,640607b4c4caf107042558a9a2ac21351408fc50,Towers/RH/Chain/C18_KimSarnakCert.lean,37398d0e461cb31c1d8d593fae4a43792be456c28505c7e386f641604869802a
RouteD,brothers-desert-proof,640607b4c4caf107042558a9a2ac21351408fc50,Towers/RH/Chain/C19_BC6SelbergTraceCert.lean,0d997703e0059442e6ecab484c52ea62fbca5709435a3a855ca86efc2f4719c4
RouteD,brothers-desert-proof,640607b4c4caf107042558a9a2ac21351408fc50,Towers/RH/Chain/C20_LanglandsDescentCert.lean,66b7d1c3682e2326fc4120bf31923c18a58ca506de2eae515461717240cc1697
RouteD,brothers-desert-proof,640607b4c4caf107042558a9a2ac21351408fc50,Towers/RH/Chain/C21_GRHtoRHCert.lean,d00c96b48f2ea982b270fcf787919afd2a306a58f25b35ac69956458faa6c8c0
RouteD,brothers-desert-proof,640607b4c4caf107042558a9a2ac21351408fc50,Towers/RH/Chain/C22_RouteACert.lean,f66febd36b24e6e8b1f98e294ac68d3a931c98e643346fb2aed4132df7fd98b4
RouteD,brothers-desert-proof,640607b4c4caf107042558a9a2ac21351408fc50,Towers/RH/Chain/P5_BSD_RH_Link.lean,d013cc36cd2745f820a326c6133f4cc35ae71d665590f4811ee32324cc1e3a79
RouteD,brothers-desert-proof,640607b4c4caf107042558a9a2ac21351408fc50,Towers/RH/Chain/README.md,4a9f90bbbdfc76e1afd8787f53f7830dee121c1e368d8474378b784ae82e9390
RouteD,brothers-desert-proof,640607b4c4caf107042558a9a2ac21351408fc50,Towers/RH/ConverseTheorem/Converse.lean,18a9467df6019b8416960ef8072337654c06ff7164814263deefbcbf91c02971
RouteD,brothers-desert-proof,640607b4c4caf107042558a9a2ac21351408fc50,Towers/RH/ConverseTheorem/README.md,0efd41e8e55eeb3ce7d98f39a61b9c4cc547bc9bc0777886554f08de60d45cc9
RouteD,brothers-desert-proof,640607b4c4caf107042558a9a2ac21351408fc50,Towers/RH/Formalized/Addendum_A1_Complete_Sieve.lean,fb1d5b82da51c9d25ff5aa7222f6c3c1923e9e3788ef15a618f5683c7846cde5
RouteD,brothers-desert-proof,640607b4c4caf107042558a9a2ac21351408fc50,Towers/RH/Formalized/Bands_269_Certificate.lean,e6be61dbb0defaac95a228301bd23e0041f1ae73cc35c5b4d1cde36ca3e14362
RouteD,brothers-desert-proof,640607b4c4caf107042558a9a2ac21351408fc50,Towers/RH/Formalized/Boundary_Theorem.lean,62a351d0a64287d5c5dc3379cfcd21addcaefe9a030c6adf350c547442b79223
RouteD,brothers-desert-proof,640607b4c4caf107042558a9a2ac21351408fc50,Towers/RH/Formalized/C01_Arakelov_v2.lean,db291fc7dcf6debf9503a98d032f3238fef3e04af9d76d6cb5705eb8882c0c96
RouteD,brothers-desert-proof,640607b4c4caf107042558a9a2ac21351408fc50,Towers/RH/Formalized/C_Chain.lean,1fcc18a31b72972768d93afe4412030308c52dc31226042be36cd03911f312d2
RouteD,brothers-desert-proof,640607b4c4caf107042558a9a2ac21351408fc50,Towers/RH/Formalized/Certificates.lean,22536a66435d71b4c7c6796c140f79b52237b2d1221c5e966c743a7096a26a0e
RouteD,brothers-desert-proof,640607b4c4caf107042558a9a2ac21351408fc50,Towers/RH/Formalized/Data_Registry.lean,facdc78d12fae250953a673bdc1b1c8822218a3f776a4b081f186d8488aef8a5
RouteD,brothers-desert-proof,640607b4c4caf107042558a9a2ac21351408fc50,Towers/RH/Formalized/Exceptional_Prime_Desert_Map.lean,3a57a7910e9280617870011a22bde0cf3f5508a3451f812e8ed68aaaa8f8e376
RouteD,brothers-desert-proof,640607b4c4caf107042558a9a2ac21351408fc50,Towers/RH/Formalized/Modular_Sieve_Lindelof.lean,7b692c32c1f5fdbe8a8abd10f23f4672a79aef1ffc404764f62ca4b6dc786df0
RouteD,brothers-desert-proof,640607b4c4caf107042558a9a2ac21351408fc50,Towers/RH/Formalized/Module_10_Genus33.lean,ceae5e6d895aa6b2dd215ca462b6c9618eb7fd2958fdeae88c693d5eecf67527
RouteD,brothers-desert-proof,640607b4c4caf107042558a9a2ac21351408fc50,Towers/RH/Formalized/Module_14_S4_Quaternions.lean,a6c4898c869af27fa66391447e40495d34685f297faf23266ec7ca08c00872bb
RouteD,brothers-desert-proof,640607b4c4caf107042558a9a2ac21351408fc50,Towers/RH/Formalized/Module_15_Delta_Boost.lean,51039ba2960ff1745d5e914a35e63928d144ee53f4f17b2cc64ae87888e5dc3e
RouteD,brothers-desert-proof,640607b4c4caf107042558a9a2ac21351408fc50,Towers/RH/Formalized/Module_16_c_Bridge.lean,25f8e5fd39ed288a6561a5bafa1e3ffd6042577bd0a267e2a3b834b98e3f7662
RouteD,brothers-desert-proof,640607b4c4caf107042558a9a2ac21351408fc50,Towers/RH/Formalized/Module_18_Resonance_Ladder.lean,bdc90718bfbd46a32d62ea2aac69f1ee76422192adbdaf63f9936ce865de1207
RouteD,brothers-desert-proof,640607b4c4caf107042558a9a2ac21351408fc50,Towers/RH/Formalized/Module_21_H4_Invariant.lean,af93b931dc68fa149863d11d2009209091be8c091f965b9f4ea31018438b0bf1
RouteD,brothers-desert-proof,640607b4c4caf107042558a9a2ac21351408fc50,Towers/RH/Formalized/Module_24_ZLock.lean,24c77b1eb9d8d3cd5e031f8a12ba295c8ca263f1ce2a94d385a88f38d9cf337b
RouteD,brothers-desert-proof,640607b4c4caf107042558a9a2ac21351408fc50,Towers/RH/Formalized/README.md,881ebadc7e065d8d1979a9be84da6818079468757c8b96599ccded3d684c8bf1
RouteD,brothers-desert-proof,640607b4c4caf107042558a9a2ac21351408fc50,Towers/RH/Formalized/Sieve_Criterion.lean,facaf1ad39f9648eaeec99837f0b0e7f4f9ce1dc8198065c01d089604bd9253e
RouteD,brothers-desert-proof,640607b4c4caf107042558a9a2ac21351408fc50,Towers/RH/GrowthContradiction.lean,28ff8d9d5341f926ce33344b3ef09b40a760bf6d8f98ca78bec455e91cea8a4a
RouteD,brothers-desert-proof,640607b4c4caf107042558a9a2ac21351408fc50,Towers/RH/H2_WeilTransfer.lean,646d91a6514cdaa2907c98fea78f8073c23af4c0aa366af18a4db737b3cc664a
RouteD,brothers-desert-proof,640607b4c4caf107042558a9a2ac21351408fc50,Towers/RH/IwaniecKowalski/NonVanishing.lean,4be5e3e5ba5f108b8ae5906022b7e073d311985a3ca593cc195419c7b82cdb3c
RouteD,brothers-desert-proof,640607b4c4caf107042558a9a2ac21351408fc50,Towers/RH/IwaniecKowalski/README.md,3cbeaa8a3f9ae38a3e4a1fd8670c51276d68f82fd2d6c1f6ea462c23deb2053a
RouteD,brothers-desert-proof,640607b4c4caf107042558a9a2ac21351408fc50,Towers/RH/IwaniecKowalski/RankinSelberg.lean,a46572d645e03e0bc4ae274a740ed49c89acb77c806eff3a01d7975d36151ba3
RouteD,brothers-desert-proof,640607b4c4caf107042558a9a2ac21351408fc50,Towers/RH/JorgensonKramer/README.md,4556906e14a2a8c2258eba08a18b19197d085e40b16298875dcbcefeea7b4387
RouteD,brothers-desert-proof,640607b4c4caf107042558a9a2ac21351408fc50,Towers/RH/JorgensonKramer/X0_143/Basic.lean,c88fa6e053ca718bcb6435676cddc3dd8a7c13460147dcb438c368f4707a5245
RouteD,brothers-desert-proof,640607b4c4caf107042558a9a2ac21351408fc50,Towers/RH/JorgensonKramer/X0_143/C22_ClassNumberCert.lean,2c0a483797cd3b30e4480ebae7fa19ba561ced4a3fe9758aca815699d061b22f
RouteD,brothers-desert-proof,640607b4c4caf107042558a9a2ac21351408fc50,Towers/RH/JorgensonKramer/X0_143/C22b_ClassNumberLowerBound.lean,71dc6710e10dc52d4d087cb0aa54caf2a306fc2c338ac1acc82d1296d59d8a82
RouteD,brothers-desert-proof,640607b4c4caf107042558a9a2ac21351408fc50,Towers/RH/JorgensonKramer/X0_143/Discriminant143.lean,c4c8825157f30e6bbdce8ccca1e4d97c76fbe0d5f7271aa6a6496f6beee3d051
RouteD,brothers-desert-proof,640607b4c4caf107042558a9a2ac21351408fc50,Towers/RH/JorgensonKramer/X0_143/K1ClassNumber.lean,24a8870285db112f4669cdc67d6477c1ccc54727b2022fceac8d17c67964bc1e
RouteD,brothers-desert-proof,640607b4c4caf107042558a9a2ac21351408fc50,Towers/RH/JorgensonKramer/X0_143/K1IdealGrowth.lean,4ae84f8ae078530355a36eea4f55d8292cc51d4131684f328c006638148dfad7
RouteD,brothers-desert-proof,640607b4c4caf107042558a9a2ac21351408fc50,Towers/RH/JorgensonKramer/X0_143/README.md,8303d999cd72eb418384c980be35059f35365d75149461dd88a3a27e42afac71
RouteD,brothers-desert-proof,640607b4c4caf107042558a9a2ac21351408fc50,Towers/RH/KimSarnak/GelbartJacquet.lean,df3eb122553a27e6e01814477cc59525f6761a0abdc0d08494c54252f2cd9067
RouteD,brothers-desert-proof,640607b4c4caf107042558a9a2ac21351408fc50,Towers/RH/KimSarnak/MainTheorem.lean,a7806b7aa383792185a99f3968280679699a3fb47a421d3db450818700aaf7bf
RouteD,brothers-desert-proof,640607b4c4caf107042558a9a2ac21351408fc50,Towers/RH/KimSarnak/README.md,83b1e44a2c5080194a2615c57fb3f48b3c1ee65cac39e76cefc4de5737027ba2
RouteD,brothers-desert-proof,640607b4c4caf107042558a9a2ac21351408fc50,Towers/RH/M9_WeilTransfer.lean,eb9b8ca5e4cffab485c8ddfa9ee1e2362698f04816e11132909aea8779d0c2ba
RouteD,brothers-desert-proof,640607b4c4caf107042558a9a2ac21351408fc50,Towers/RH/README.md,e2895c273f97981bcbb97010fdf31e914a2cd39ad6beebeb54697ee8b8d80bc4
RouteD,brothers-desert-proof,640607b4c4caf107042558a9a2ac21351408fc50,Towers/RH/ZProtocolBridge.lean,b9f7fd22c284619863c1088791cffd40b9f0e8577e7d082fdf21900b7ce105ac
RouteD,brothers-desert-proof,640607b4c4caf107042558a9a2ac21351408fc50,Towers/RH/ZeroDensity.lean,898a71d93f60da088f456f71c92bb7796c4a661ce00e9116a7e834af51883179
RouteD,brothers-desert-proof,640607b4c4caf107042558a9a2ac21351408fc50,Towers/X0_143/Basic.lean,9a60422011b4df76bb84ccc90a502efd7e87c160207fbfb4ebf3d0192ecbc611
RouteD,brothers-desert-proof,640607b4c4caf107042558a9a2ac21351408fc50,Towers/X0_143/K1IdealGrowth.lean,b04b9ddcc106ba78d0e868845b8dec467b341ab9ee20dd009192fdfee09211b0
RouteD,brothers-desert-proof,640607b4c4caf107042558a9a2ac21351408fc50,Towers/X0_143/README.md,3fa61b5bcf0438c2e7c4796f0196ca4d1fe7cc8b9ec00cb28bcfd1b534ddf4d9
RouteD,brothers-desert-proof,640607b4c4caf107042558a9a2ac21351408fc50,UniversalRH_Binder_FINAL_0_SORRY_0_AXIOM.lean,41c7a2128d8ce6567903ef26e433ce163a192f76a4ce9c493251fd63f70d3c0d
RouteD,brothers-desert-proof,640607b4c4caf107042558a9a2ac21351408fc50,appendix_g_patent.html,7dbc42cd7d46e8583b7d2afdb27ca0245f93baa302b35102198640d867702c25
RouteD,brothers-desert-proof,640607b4c4caf107042558a9a2ac21351408fc50,birch-swinnerton-dyer-143a1/.github/workflows/aggregate.yml,d4949c97f175506a5ed9bb7dec60660c1cf5f711ff48c63e075dc675c4743722
RouteD,brothers-desert-proof,640607b4c4caf107042558a9a2ac21351408fc50,birch-swinnerton-dyer-143a1/.github/workflows/lean.yml,eac87f63a2d6b72f421f4d8f36d490e2e2fd8fec4630441a4ac98ee457aeda12
RouteD,brothers-desert-proof,640607b4c4caf107042558a9a2ac21351408fc50,birch-swinnerton-dyer-143a1/.github/workflows/zenodo.yml,ce9d0985fe455b0b72ae095d0a5c699155d05582744a142c6aae3196bdc11c6d
RouteD,brothers-desert-proof,640607b4c4caf107042558a9a2ac21351408fc50,birch-swinnerton-dyer-143a1/.zenodo.json,2ce050d642b1b9c5678f3c04891f4115d2800244474267fab7b7d8e8c38f11e3
RouteD,brothers-desert-proof,640607b4c4caf107042558a9a2ac21351408fc50,birch-swinnerton-dyer-143a1/AGENTS.md,bf94a75a7b450e685b0ce59dc7f3452d84e3744d69af65bdd116d928e9cf99d2
RouteD,brothers-desert-proof,640607b4c4caf107042558a9a2ac21351408fc50,birch-swinnerton-dyer-143a1/BostBound143.lean,b0c6a323a1098e768e73569c4465d414f574bbfbb25979d5e67e51ddff7701a7
RouteD,brothers-desert-proof,640607b4c4caf107042558a9a2ac21351408fc50,birch-swinnerton-dyer-143a1/CHAIN.md,3bb2628307a07a83eff2af5ba7e3103ca1bdcf5629c2dfc3a7904e0aa4ca6f12
RouteD,brothers-desert-proof,640607b4c4caf107042558a9a2ac21351408fc50,birch-swinnerton-dyer-143a1/HassePrimeSet.lean,979ff3ebd0a1a70ee4cd5093af8c144eecd0b93082ea164bef551ece12071a6d
RouteD,brothers-desert-proof,640607b4c4caf107042558a9a2ac21351408fc50,birch-swinnerton-dyer-143a1/LICENSE,bae5ed773c8831509b9ff74aef5bfc297284b065c47d7be771d4d61041cf5715
RouteD,brothers-desert-proof,640607b4c4caf107042558a9a2ac21351408fc50,birch-swinnerton-dyer-143a1/README.md,2bbb8bede6de28c3f9588e7375b78046c7e483feae8543c55ae583a5bbffbc7b
RouteD,brothers-desert-proof,640607b4c4caf107042558a9a2ac21351408fc50,birch-swinnerton-dyer-143a1/aggregate.py,a37deab9a12bac073cb7eab258db9f230915d663ef149c63a40827fa7cb5d9e8
RouteD,brothers-desert-proof,640607b4c4caf107042558a9a2ac21351408fc50,birch-swinnerton-dyer-143a1/api.py,c9b8a3185d53a7a85ca095ccda6481c5e5e90bacadc277b6f945e8523d18ae24
RouteD,brothers-desert-proof,640607b4c4caf107042558a9a2ac21351408fc50,birch-swinnerton-dyer-143a1/extract_table.py,d509133841b5a06c6e773293f48c625bffd7904449069f6308f65ddcb8d75020
RouteD,brothers-desert-proof,640607b4c4caf107042558a9a2ac21351408fc50,birch-swinnerton-dyer-143a1/find_opens.py,13b5e972659cf8ecf2d48f6ac377e20b8ef418e4239536c75d9fea10228a4272
RouteD,brothers-desert-proof,640607b4c4caf107042558a9a2ac21351408fc50,birch-swinnerton-dyer-143a1/hasseprimset/BSD_Genesis763_CLOSED.lean,f9bddb9f1d633cd256f9988a849696e4156649883366fc2a3a2d93ae5880c4ff
RouteD,brothers-desert-proof,640607b4c4caf107042558a9a2ac21351408fc50,birch-swinnerton-dyer-143a1/hasseprimset/BSD_Genesis764_CLOSED.lean,f6cf0139236460f2f2b95d655c754f78f0eb445eb477a38e14991937759facea
RouteD,brothers-desert-proof,640607b4c4caf107042558a9a2ac21351408fc50,birch-swinnerton-dyer-143a1/hasseprimset/BSD_Genesis765_CLOSED.lean,7d34fe02f1239cc284755a9620a207df6425668a7f5c0d932bf1ebe82d6a1f94
RouteD,brothers-desert-proof,640607b4c4caf107042558a9a2ac21351408fc50,birch-swinnerton-dyer-143a1/hasseprimset/BSD_Genesis766_CLOSED.lean,80d636d17eb596d6ce32884787c2766dc3ffbab8d2c5a029bffb9f6d6d8face7
RouteD,brothers-desert-proof,640607b4c4caf107042558a9a2ac21351408fc50,birch-swinnerton-dyer-143a1/hasseprimset/BSD_Genesis767_CLOSED.lean,923d09156d1dde92a43adc313d8cab2b9a9bb71eed2101ce85022dd824b4ef2f
RouteD,brothers-desert-proof,640607b4c4caf107042558a9a2ac21351408fc50,birch-swinnerton-dyer-143a1/hasseprimset/BSD_Genesis768_CLOSED.lean,3c8abf2b0bfb4d54fff9381deb5cefb7471df12cdd631ea7a7fca6c3bcfc57de
RouteD,brothers-desert-proof,640607b4c4caf107042558a9a2ac21351408fc50,birch-swinnerton-dyer-143a1/hasseprimset/BSD_Genesis769_CLOSED.lean,e8fc0928509206aaa4c99710678f9c238ca01d351b258c5945092bb3e4d7715c
RouteD,brothers-desert-proof,640607b4c4caf107042558a9a2ac21351408fc50,birch-swinnerton-dyer-143a1/hasseprimset/BSD_Genesis770_CLOSED.lean,0bb4d6e41bbce1f08681ffd3cae47600b992f830387385d81eeef7b5b9425366
RouteD,brothers-desert-proof,640607b4c4caf107042558a9a2ac21351408fc50,birch-swinnerton-dyer-143a1/hasseprimset/BSD_Genesis771_CLOSED.lean,0527650a21df3ee2bc4a56e8bdfffb728d5f2d1c78d6fdd2f3fbe41e8279acce
RouteD,brothers-desert-proof,640607b4c4caf107042558a9a2ac21351408fc50,birch-swinnerton-dyer-143a1/hasseprimset/BSD_Genesis772_CLOSED.lean,4dbcb980de318443ffc1333b09343c81773dece4d04c1ddf5d4eb1f1f1a5cbbd
RouteD,brothers-desert-proof,640607b4c4caf107042558a9a2ac21351408fc50,birch-swinnerton-dyer-143a1/hasseprimset/BSD_Genesis773_CLOSED.lean,a6ac2971c158904ec019619cde62b6d445254e703563c746a0d1044f365717bc
RouteD,brothers-desert-proof,640607b4c4caf107042558a9a2ac21351408fc50,birch-swinnerton-dyer-143a1/hasseprimset/BSD_Genesis774_CLOSED.lean,3fc27984501a9b8bb8ad41c7cd427580a1fe70a7dfa711b936a40e5d61e2a9e5
RouteD,brothers-desert-proof,640607b4c4caf107042558a9a2ac21351408fc50,birch-swinnerton-dyer-143a1/hasseprimset/BSD_Genesis775_CLOSED.lean,1124a0066fa2f377adfcce5ad68e2794d461f35bc3c05eb2f43f035ed6f18684
RouteD,brothers-desert-proof,640607b4c4caf107042558a9a2ac21351408fc50,birch-swinnerton-dyer-143a1/hasseprimset/BSD_Genesis776_CLOSED.lean,945eb88879d92ff793d463c0060c601949820b2c2de53a821e914c1b1c0eb189
RouteD,brothers-desert-proof,640607b4c4caf107042558a9a2ac21351408fc50,birch-swinnerton-dyer-143a1/hasseprimset/BSD_Genesis777_CLOSED.lean,be9ffeb940c4fe6e3bdb570f733aa01c1f87f6815d6ef1ba8856fa8b8b9825ce
RouteD,brothers-desert-proof,640607b4c4caf107042558a9a2ac21351408fc50,birch-swinnerton-dyer-143a1/hasseprimset/BSD_Genesis778_CLOSED.lean,eb4d30a285653a69002fa143d7ead806f5566c13d54d73fffabf56dfc4b846e8
RouteD,brothers-desert-proof,640607b4c4caf107042558a9a2ac21351408fc50,birch-swinnerton-dyer-143a1/hasseprimset/BSD_Genesis779_CLOSED.lean,582bde3e284d78ace9aedb31603c259a3ba9126669b459a586c5587c0ad07764
RouteD,brothers-desert-proof,640607b4c4caf107042558a9a2ac21351408fc50,birch-swinnerton-dyer-143a1/hasseprimset/BSD_Genesis780_CLOSED.lean,fe6bc2c7d2836486fec48302a7536758eac308c7e7e54cbb6291453ad41fb637
RouteD,brothers-desert-proof,640607b4c4caf107042558a9a2ac21351408fc50,birch-swinnerton-dyer-143a1/hasseprimset/BSD_Genesis781_CLOSED.lean,829e4b4cb0ced83b9e4d44d17191fe5b50720ec1789415f9b2aebb21d962123c
RouteD,brothers-desert-proof,640607b4c4caf107042558a9a2ac21351408fc50,birch-swinnerton-dyer-143a1/hasseprimset/BSD_Genesis782_CLOSED.lean,f06c531da622740396c42196fb8cc80e931f87098157e0b730dde37e2b12f0e3
RouteD,brothers-desert-proof,640607b4c4caf107042558a9a2ac21351408fc50,birch-swinnerton-dyer-143a1/hasseprimset/BSD_Genesis783_CLOSED.lean,ab4260bb4005502f9010814b02dd68a9cae4247da22ba85514b6b11f1d93c9a7
RouteD,brothers-desert-proof,640607b4c4caf107042558a9a2ac21351408fc50,birch-swinnerton-dyer-143a1/hasseprimset/BSD_Genesis784_CLOSED.lean,2f9caa1fa51d7997db2d02ddaea027578d7616e2851e9e2cfd4630c02adbec71
RouteD,brothers-desert-proof,640607b4c4caf107042558a9a2ac21351408fc50,birch-swinnerton-dyer-143a1/hasseprimset/BSD_Genesis785_CLOSED.lean,09d4c8880690c50f0910a75212dfaa7c487031e3f48686f48e2d729548b7681d
RouteD,brothers-desert-proof,640607b4c4caf107042558a9a2ac21351408fc50,birch-swinnerton-dyer-143a1/hasseprimset/BSD_Genesis786_CLOSED.lean,66db08a77d7f1583aa9657c3acc3a7a5c6d136ca85cbc93d706619675509c752
RouteD,brothers-desert-proof,640607b4c4caf107042558a9a2ac21351408fc50,birch-swinnerton-dyer-143a1/hasseprimset/BSD_Genesis787_CLOSED.lean,a825063e45f1b50af752dff786ba4bf408f73201e48b23a5e4e046fa88305770
RouteD,brothers-desert-proof,640607b4c4caf107042558a9a2ac21351408fc50,birch-swinnerton-dyer-143a1/hasseprimset/BSD_Genesis788_CLOSED.lean,a66be6fe5c6af51f7183b1036a667f9ad6076bc84ed246721ff9724a5ab46d12
RouteD,brothers-desert-proof,640607b4c4caf107042558a9a2ac21351408fc50,birch-swinnerton-dyer-143a1/hasseprimset/BSD_Genesis789_CLOSED.lean,f453b5be91faf7d31c162c02b6f8ce8a12cf0d054f1afde3ef8bcf6ded60aa3b
RouteD,brothers-desert-proof,640607b4c4caf107042558a9a2ac21351408fc50,birch-swinnerton-dyer-143a1/hasseprimset/BSD_Genesis790_CLOSED.lean,728d28a2c9a7b33a7a3d15912520f32eb4ec2345459bbad91757124f31d64a96
RouteD,brothers-desert-proof,640607b4c4caf107042558a9a2ac21351408fc50,birch-swinnerton-dyer-143a1/hasseprimset/BSD_Genesis791_CLOSED.lean,78e064cc3e1ad10f638ed9fa402502f8d40646bc61a0ed0b541ebb4602f48a82
RouteD,brothers-desert-proof,640607b4c4caf107042558a9a2ac21351408fc50,birch-swinnerton-dyer-143a1/hasseprimset/BSD_Genesis792_CLOSED.lean,bb108dedae89ee1103852510691eec4025eb538b966142921b7642b078d15897
RouteD,brothers-desert-proof,640607b4c4caf107042558a9a2ac21351408fc50,birch-swinnerton-dyer-143a1/hasseprimset/BSD_Genesis793_CLOSED.lean,7eb6590d6eee37baaf709003f7d606e07e3c152357372c29843424b5830bc781
RouteD,brothers-desert-proof,640607b4c4caf107042558a9a2ac21351408fc50,birch-swinnerton-dyer-143a1/hasseprimset/BSD_Genesis794_CLOSED.lean,c8a32d5cb0e16052cb11ddc1c06c6f72fa63fa49a56b6428cc4664132bb38ab8
RouteD,brothers-desert-proof,640607b4c4caf107042558a9a2ac21351408fc50,birch-swinnerton-dyer-143a1/hasseprimset/BSD_Genesis795_CLOSED.lean,73e1089edca7e46d0fe5bf5a738f83382a88b8191da5fb977be5648848818b9b
RouteD,brothers-desert-proof,640607b4c4caf107042558a9a2ac21351408fc50,birch-swinnerton-dyer-143a1/hasseprimset/BSD_Genesis796_CLOSED.lean,705c2c855feb2bf9faafc4a42819425ff38e40bd9aa46e6977effcb894dba175
RouteD,brothers-desert-proof,640607b4c4caf107042558a9a2ac21351408fc50,birch-swinnerton-dyer-143a1/hasseprimset/BSD_Genesis797_CLOSED.lean,8758f6f8ebd16747efb4f74a15d68c221056ab49874ecaf719cffa81c9216660
RouteD,brothers-desert-proof,640607b4c4caf107042558a9a2ac21351408fc50,birch-swinnerton-dyer-143a1/hasseprimset/BSD_Genesis798_CLOSED.lean,df84b539396f3527280de957b51771581b34fb0352864a8c2aefccb19da8d3de
RouteD,brothers-desert-proof,640607b4c4caf107042558a9a2ac21351408fc50,birch-swinnerton-dyer-143a1/hasseprimset/BSD_Genesis799_CLOSED.lean,0a93dc449a6c392715c29558870919b60d9ffda9106aedbdd61d2fc1dfb656ba
RouteD,brothers-desert-proof,640607b4c4caf107042558a9a2ac21351408fc50,birch-swinnerton-dyer-143a1/hasseprimset/BSD_Genesis800_CLOSED.lean,9f29ad0e340c2db6aab63e8f400accadbdfd0ccffac2f5491266300509a9449d
RouteD,brothers-desert-proof,640607b4c4caf107042558a9a2ac21351408fc50,birch-swinnerton-dyer-143a1/hasseprimset/BSD_Genesis801_CLOSED.lean,e4a5b70337f96920f3abd7b9b1cea3cb0ffe36e7b682e7ad323affe903e977e0
RouteD,brothers-desert-proof,640607b4c4caf107042558a9a2ac21351408fc50,birch-swinnerton-dyer-143a1/hasseprimset/BSD_Genesis802_CLOSED.lean,bfce0521a991ddd5b197a42773faa073ea8ce5d06419ac329c2c210e7bdc56c1
RouteD,brothers-desert-proof,640607b4c4caf107042558a9a2ac21351408fc50,birch-swinnerton-dyer-143a1/hasseprimset/BSD_Genesis803_CLOSED.lean,ccc07326a04f5ca6e26cbcca95fb1629a8b4bf5803389681127c4daf15ddba0b
RouteD,brothers-desert-proof,640607b4c4caf107042558a9a2ac21351408fc50,birch-swinnerton-dyer-143a1/hasseprimset/BSD_Genesis804_CLOSED.lean,45cd4d5f4e6166c2841d7a5cd29b5ac03dcba1c82a0f22eda81ef82b9a47a15c
RouteD,brothers-desert-proof,640607b4c4caf107042558a9a2ac21351408fc50,birch-swinnerton-dyer-143a1/hasseprimset/BSD_Genesis805_CLOSED.lean,5e29ebd1bcc16c70f7ce82a05bc73cfcbab87eb9199486f1f505f7a9a2e76025
RouteD,brothers-desert-proof,640607b4c4caf107042558a9a2ac21351408fc50,birch-swinnerton-dyer-143a1/hasseprimset/BSD_Genesis806_CLOSED.lean,3eb8e23b81d9eac12e181761de00dc5eef10d8d153de8aa0aad5406eba3e6c81
RouteD,brothers-desert-proof,640607b4c4caf107042558a9a2ac21351408fc50,birch-swinnerton-dyer-143a1/hasseprimset/BSD_Genesis807_CLOSED.lean,9a53acb10d2b906a04810d6ce46b9ad5484c48f43ab81bb131aa0e6216149db3
RouteD,brothers-desert-proof,640607b4c4caf107042558a9a2ac21351408fc50,birch-swinnerton-dyer-143a1/hasseprimset/BSD_Genesis808_CLOSED.lean,17b9ddd1a32ca5ff55e4b6ec4598f00fbc299de010a96e932fa5e65b7cf8aa4b
RouteD,brothers-desert-proof,640607b4c4caf107042558a9a2ac21351408fc50,birch-swinnerton-dyer-143a1/hasseprimset/BSD_Genesis809_CLOSED.lean,f2a0def7350ec4092562bd41358ece626fae2eebb01c3ebfa5914ec0753b3d8b
RouteD,brothers-desert-proof,640607b4c4caf107042558a9a2ac21351408fc50,birch-swinnerton-dyer-143a1/hasseprimset/BSD_Genesis810_CLOSED.lean,26ffb37b125932d4224942ec0a50569889157a7ae9f99ae0bcbca9faeabebd6d
RouteD,brothers-desert-proof,640607b4c4caf107042558a9a2ac21351408fc50,birch-swinnerton-dyer-143a1/hasseprimset/BSD_Genesis811_CLOSED.lean,cfed8aab85e822bcb835a9c7d197f46f1c4692fdd6f51aba069ab39d267a04ad
RouteD,brothers-desert-proof,640607b4c4caf107042558a9a2ac21351408fc50,birch-swinnerton-dyer-143a1/hasseprimset/BSD_Genesis812_CLOSED.lean,7d3626c8a3ec45c91abc8d9f3c81b15185b2d3238807db14fa825dd35d2dbea0
RouteD,brothers-desert-proof,640607b4c4caf107042558a9a2ac21351408fc50,birch-swinnerton-dyer-143a1/hasseprimset/BSD_Genesis813_CLOSED.lean,3619a2bdfec467304e1a8e43c47f6d9d745d5ba67394ea1609834d20bacfef86
RouteD,brothers-desert-proof,640607b4c4caf107042558a9a2ac21351408fc50,birch-swinnerton-dyer-143a1/hasseprimset/BSD_Genesis814_CLOSED.lean,6f7ffe040195118c49d23336f81834e799e4341d692e8db8fec793b06de9bd73
RouteD,brothers-desert-proof,640607b4c4caf107042558a9a2ac21351408fc50,birch-swinnerton-dyer-143a1/hasseprimset/BSD_Genesis815_CLOSED.lean,772089c026aab178e812398fc43f519d755617350b5bffa85933911fb3866d2a
RouteD,brothers-desert-proof,640607b4c4caf107042558a9a2ac21351408fc50,birch-swinnerton-dyer-143a1/hasseprimset/BSD_Genesis816_CLOSED.lean,cda95894e0ec093c7740606f09a678b227b6dd07399147afade8447dfa56b059
RouteD,brothers-desert-proof,640607b4c4caf107042558a9a2ac21351408fc50,birch-swinnerton-dyer-143a1/hasseprimset/BSD_Genesis817_CLOSED.lean,d07092e073018f64bc8af137c9151f2ff29d73d1f52b3921d5e6ee5651f945bd
RouteD,brothers-desert-proof,640607b4c4caf107042558a9a2ac21351408fc50,birch-swinnerton-dyer-143a1/hasseprimset/BSD_Genesis818_CLOSED.lean,86a517fd674c8df3f869e4082e5d6f9da4b7c2b7eca933d27b7ea336a5aeca58
RouteD,brothers-desert-proof,640607b4c4caf107042558a9a2ac21351408fc50,birch-swinnerton-dyer-143a1/hasseprimset/BSD_Genesis819_CLOSED.lean,657ce9ed9e40c1429eba7516e065bdd97e5b49a326d677fb5192754bde7b7144
RouteD,brothers-desert-proof,640607b4c4caf107042558a9a2ac21351408fc50,birch-swinnerton-dyer-143a1/hasseprimset/BSD_Genesis820_CLOSED.lean,82a5f18c1b0dc3248797d71ef7134c56ba99d754b29df7d4db2aa06123d451a8
RouteD,brothers-desert-proof,640607b4c4caf107042558a9a2ac21351408fc50,birch-swinnerton-dyer-143a1/hasseprimset/BSD_Genesis821_CLOSED.lean,eea08964761155b881c7fb21b01273179dfb900558303fdc7a38eb4f7f57b24e
RouteD,brothers-desert-proof,640607b4c4caf107042558a9a2ac21351408fc50,birch-swinnerton-dyer-143a1/hasseprimset/BSD_Genesis822_CLOSED.lean,a0ed76ca985af4a4f56cdf2916db83496a7a1fb312f27a54e0a93078acd61d2d
RouteD,brothers-desert-proof,640607b4c4caf107042558a9a2ac21351408fc50,birch-swinnerton-dyer-143a1/hasseprimset/BSD_Genesis823_CLOSED.lean,8b6267083bd504d4fefac5e70c1b93cbc9c19216e12302e5dbaef8ad113994ae
RouteD,brothers-desert-proof,640607b4c4caf107042558a9a2ac21351408fc50,birch-swinnerton-dyer-143a1/hasseprimset/BSD_Genesis824_CLOSED.lean,aa1bb96c33ea164ad76c4f0496890c1aed0a56f25c53506b73c1b7307a9f22ae
RouteD,brothers-desert-proof,640607b4c4caf107042558a9a2ac21351408fc50,birch-swinnerton-dyer-143a1/hasseprimset/BSD_Genesis825_CLOSED.lean,c0b9d07bc4538b381a530ee7b30e4d04e2f277ac42bcc63f5e184ad900dd10e5
RouteD,brothers-desert-proof,640607b4c4caf107042558a9a2ac21351408fc50,birch-swinnerton-dyer-143a1/hasseprimset/BSD_Genesis826_CLOSED.lean,7572b94fc732585e329da5906b10eaf701411647687d2e2cf665410d01bce5b7
RouteD,brothers-desert-proof,640607b4c4caf107042558a9a2ac21351408fc50,birch-swinnerton-dyer-143a1/hasseprimset/BSD_Genesis827_CLOSED.lean,929e208532299641f3e439bd41a26856ca787deb6e62d69d99f12b6152dce1b0
RouteD,brothers-desert-proof,640607b4c4caf107042558a9a2ac21351408fc50,birch-swinnerton-dyer-143a1/hasseprimset/BSD_Genesis828_CLOSED.lean,881f8b43f234ee1c90ac2ba23c009e9c075eb971dff448ce0ac8d14e26243c82
RouteD,brothers-desert-proof,640607b4c4caf107042558a9a2ac21351408fc50,birch-swinnerton-dyer-143a1/hasseprimset/BSD_Genesis829_CLOSED.lean,5f76f371f599efd64eb285269ab49e7b6142288064e7672fa14fb32d87489f45
RouteD,brothers-desert-proof,640607b4c4caf107042558a9a2ac21351408fc50,birch-swinnerton-dyer-143a1/hasseprimset/BSD_Genesis830_CLOSED.lean,0fa7c0b1f9fef09b43ba9f2fe4dbc73fcb1487a660a34859373a46fe69ce15c0
RouteD,brothers-desert-proof,640607b4c4caf107042558a9a2ac21351408fc50,birch-swinnerton-dyer-143a1/hasseprimset/BSD_Genesis831_CLOSED.lean,a7ab25a5bdd3c5db18ae8f7beeae0eec9dd7835c0e6967b4ad412b2d9120ff95
RouteD,brothers-desert-proof,640607b4c4caf107042558a9a2ac21351408fc50,birch-swinnerton-dyer-143a1/hasseprimset/BSD_Genesis832_CLOSED.lean,6aa3a6450d6a017b4bff236b5a657fd439fa881c726cd86c9f1bf468fd866ba4
RouteD,brothers-desert-proof,640607b4c4caf107042558a9a2ac21351408fc50,birch-swinnerton-dyer-143a1/hasseprimset/BSD_Genesis833_CLOSED.lean,673420514b133c4ca4ae40c4a3cac48a1ba9d55f2d31fcb73d2fbc2c311a37cd
RouteD,brothers-desert-proof,640607b4c4caf107042558a9a2ac21351408fc50,birch-swinnerton-dyer-143a1/hasseprimset/BSD_Genesis834_CLOSED.lean,2d0b64d15a7c93a08ac7131fbafb58d4bf3ee537d2bee215fe612f05833a57af
RouteD,brothers-desert-proof,640607b4c4caf107042558a9a2ac21351408fc50,birch-swinnerton-dyer-143a1/hasseprimset/BSD_Genesis835_CLOSED.lean,6eb090db461f0d330e5dfb639ce2782c56ab7fbe15bac762e69fc40b730bf260
RouteD,brothers-desert-proof,640607b4c4caf107042558a9a2ac21351408fc50,birch-swinnerton-dyer-143a1/hasseprimset/BSD_Genesis836_CLOSED.lean,5cdc51ec543fe49192739047f3b2e8a5d13fedaddce3571fac30b07a9f43426a
RouteD,brothers-desert-proof,640607b4c4caf107042558a9a2ac21351408fc50,birch-swinnerton-dyer-143a1/hasseprimset/BSD_Genesis837_CLOSED.lean,8947fd449582388e8cf1e333e40c7532cf4da4788e53e088e1d6b00c8651d29a
RouteD,brothers-desert-proof,640607b4c4caf107042558a9a2ac21351408fc50,birch-swinnerton-dyer-143a1/hasseprimset/BSD_Genesis838_CLOSED.lean,00dc051567c472752da87da13554cdded1e89eccf32ee015186df1b52d065c06
RouteD,brothers-desert-proof,640607b4c4caf107042558a9a2ac21351408fc50,birch-swinnerton-dyer-143a1/hasseprimset/BSD_Genesis839_CLOSED.lean,312462d9b4cea02debe9264d4685a0a732911bc4397cfb13c00bfdabde0e23ca
RouteD,brothers-desert-proof,640607b4c4caf107042558a9a2ac21351408fc50,birch-swinnerton-dyer-143a1/hasseprimset/BSD_Genesis840_CLOSED.lean,bc47902ee7c2ecd4c3cc8e6e9b3cbbc9afd8fa5ce4b4e8ea740fa3c5e5dd5adb
RouteD,brothers-desert-proof,640607b4c4caf107042558a9a2ac21351408fc50,birch-swinnerton-dyer-143a1/hasseprimset/BSD_Genesis841_CLOSED.lean,2f25cf327ae2270ea05accf4ed51b3f9990a43a6eea6c1f035daec1975d0ccd6
RouteD,brothers-desert-proof,640607b4c4caf107042558a9a2ac21351408fc50,birch-swinnerton-dyer-143a1/hasseprimset/BSD_Genesis842_CLOSED.lean,6e79a3f595b1bc3444add178fd35d6d6cfa3a52865760814ff7f0f5b6a9bf6cc
RouteD,brothers-desert-proof,640607b4c4caf107042558a9a2ac21351408fc50,birch-swinnerton-dyer-143a1/hasseprimset/BSD_Genesis843_CLOSED.lean,5701e4f6d9514434487023671447d058308159e4b5bab709055c8107f744e755
RouteD,brothers-desert-proof,640607b4c4caf107042558a9a2ac21351408fc50,birch-swinnerton-dyer-143a1/hasseprimset/BSD_Genesis844_CLOSED.lean,632a8ea37fb33be9f3d9d8fca71fc3cebc15feb72687bf3073eb7bb36949f35c
RouteD,brothers-desert-proof,640607b4c4caf107042558a9a2ac21351408fc50,birch-swinnerton-dyer-143a1/hasseprimset/BSD_Genesis845_CLOSED.lean,acac43f0a6364f6541ce90c7e32ad07204589b607c093ad72c3b88aacceca1f8
RouteD,brothers-desert-proof,640607b4c4caf107042558a9a2ac21351408fc50,birch-swinnerton-dyer-143a1/hasseprimset/BSD_Genesis846_CLOSED.lean,f4493c1078aedac411839c17e4b8d0136780764adc7872e29d76bd441e22f560
RouteD,brothers-desert-proof,640607b4c4caf107042558a9a2ac21351408fc50,birch-swinnerton-dyer-143a1/hasseprimset/BSD_Genesis847_CLOSED.lean,00f2d0af7b5cb9295eef00723bda19c6f62cd329283478411b2c4c151324eeb3
RouteD,brothers-desert-proof,640607b4c4caf107042558a9a2ac21351408fc50,birch-swinnerton-dyer-143a1/hasseprimset/BSD_Genesis848_CLOSED.lean,2b07375b492f038c24e06f338525648e9a73ba1a5bfe3f4d5fde995b952934fe
RouteD,brothers-desert-proof,640607b4c4caf107042558a9a2ac21351408fc50,birch-swinnerton-dyer-143a1/hasseprimset/BSD_Genesis849_CLOSED.lean,cbe4d26e10241ecf8e289741dc7d630630f06332260f0cd455c75b48fe6b17db
RouteD,brothers-desert-proof,640607b4c4caf107042558a9a2ac21351408fc50,birch-swinnerton-dyer-143a1/hasseprimset/BSD_Genesis850_CLOSED.lean,f1f4ef1f05270fb47cacca1e208b01772ad55580af979955ceea2fd05770f759
RouteD,brothers-desert-proof,640607b4c4caf107042558a9a2ac21351408fc50,birch-swinnerton-dyer-143a1/hasseprimset/BSD_Genesis851_CLOSED.lean,c504615f717c7b606ce6b4185bc54bb53d108a88f2e9f8413e60f2acc39c905e
RouteD,brothers-desert-proof,640607b4c4caf107042558a9a2ac21351408fc50,birch-swinnerton-dyer-143a1/hasseprimset/BSD_Genesis852_CLOSED.lean,efb48b9525e5c26cd07b2f7058257fb49d034a4d5f837866d90d3ea2bc3df944
RouteD,brothers-desert-proof,640607b4c4caf107042558a9a2ac21351408fc50,birch-swinnerton-dyer-143a1/hasseprimset/BSD_Genesis853_CLOSED.lean,4c6390a8ed0b9c2c1924e7bd9a9c80daeb042a9ee52a07cfc4385abe27eed5fb
RouteD,brothers-desert-proof,640607b4c4caf107042558a9a2ac21351408fc50,birch-swinnerton-dyer-143a1/hasseprimset/BSD_Genesis854_CLOSED.lean,4e5eb875ce4dfc3d5ed4253003a9451c907e69bed015ceab6c44fba7c8af7a89
RouteD,brothers-desert-proof,640607b4c4caf107042558a9a2ac21351408fc50,birch-swinnerton-dyer-143a1/hasseprimset/BSD_Genesis855_CLOSED.lean,2a381d2c3d41a4f0285b08670af53c033c59b16f162ceac206d6da72855403ec
RouteD,brothers-desert-proof,640607b4c4caf107042558a9a2ac21351408fc50,birch-swinnerton-dyer-143a1/hasseprimset/BSD_Genesis856_CLOSED.lean,75f38d1b093c0f3f853b7b1abbad10255e3d806ff890caa83430290aff1ee7c8
RouteD,brothers-desert-proof,640607b4c4caf107042558a9a2ac21351408fc50,birch-swinnerton-dyer-143a1/hasseprimset/BSD_Genesis857_CLOSED.lean,55486b2837beff19ff61f591c922dc47726b2fcd4957631e4d0754e6031b28c4
RouteD,brothers-desert-proof,640607b4c4caf107042558a9a2ac21351408fc50,birch-swinnerton-dyer-143a1/hasseprimset/BSD_Genesis858_CLOSED.lean,223583a1c68acd7d343e7590a3f677707baf145194e3240481de154b6cbbab2e
RouteD,brothers-desert-proof,640607b4c4caf107042558a9a2ac21351408fc50,birch-swinnerton-dyer-143a1/hasseprimset/BSD_Genesis859_CLOSED.lean,acaae4fea9338559c0e408d394061d49bab0b881a1a2a6cf7dfde092c4583217
RouteD,brothers-desert-proof,640607b4c4caf107042558a9a2ac21351408fc50,birch-swinnerton-dyer-143a1/hasseprimset/BSD_Genesis860_CLOSED.lean,2a5e179968de99025a4034e7b4771cb2cc2e0a09cdf01d988c6ce7ed0dd32ac3
RouteD,brothers-desert-proof,640607b4c4caf107042558a9a2ac21351408fc50,birch-swinnerton-dyer-143a1/hasseprimset/BSD_Genesis861_CLOSED.lean,0a1a7e5c305a0e20143d15a0bc7ca83a770eb6d7ccf33201676115f453b4985a
RouteD,brothers-desert-proof,640607b4c4caf107042558a9a2ac21351408fc50,birch-swinnerton-dyer-143a1/hasseprimset/BSD_Genesis862_CLOSED.lean,93f301164aecd631747dea335f4ea51b111d28ce10726164f180b718daaa1952
RouteD,brothers-desert-proof,640607b4c4caf107042558a9a2ac21351408fc50,birch-swinnerton-dyer-143a1/hasseprimset/BSD_Genesis863_CLOSED.lean,2f0a5cffa2fffeee38fe685b6b9ea8f147e011220869d6496bb5127a1c68303a
RouteD,brothers-desert-proof,640607b4c4caf107042558a9a2ac21351408fc50,birch-swinnerton-dyer-143a1/hasseprimset/BSD_Genesis864_CLOSED.lean,008de5617af71d9777c6c1b44c18637146e82e38f96f37790d1deeb7c26f6774
RouteD,brothers-desert-proof,640607b4c4caf107042558a9a2ac21351408fc50,birch-swinnerton-dyer-143a1/hasseprimset/BSD_Genesis865_CLOSED.lean,047d53d81837a230ab204325b4f9598186d794ffa09e1bc469a357e5108be24c
RouteD,brothers-desert-proof,640607b4c4caf107042558a9a2ac21351408fc50,birch-swinnerton-dyer-143a1/hasseprimset/BSD_Genesis866_CLOSED.lean,1fa486288d140a861aad19405ff7667b9e94a953fcb3f8bc8aca663b5b8c4d58
RouteD,brothers-desert-proof,640607b4c4caf107042558a9a2ac21351408fc50,birch-swinnerton-dyer-143a1/hasseprimset/BSD_Genesis867_CLOSED.lean,f85dcfcd6ecfff43ab4c1e2772ef05c4c62a6f72f4bccf1231b999e4c19955ac
RouteD,brothers-desert-proof,640607b4c4caf107042558a9a2ac21351408fc50,birch-swinnerton-dyer-143a1/hasseprimset/BSD_Genesis868_CLOSED.lean,5818c4978c8071f8d935f159563831b88af33db3f1de2da01c1d3d7a31885b49
RouteD,brothers-desert-proof,640607b4c4caf107042558a9a2ac21351408fc50,birch-swinnerton-dyer-143a1/hasseprimset/BSD_Genesis869_CLOSED.lean,d9ab5d17af4676435a482b91a2195f2355a6b61766fc9534eb7439467a7f7e50
RouteD,brothers-desert-proof,640607b4c4caf107042558a9a2ac21351408fc50,birch-swinnerton-dyer-143a1/hasseprimset/BSD_Genesis870_CLOSED.lean,203f22d2b56da868ca127a98b8ba02d317923761332e9bf7015af48488831355
RouteD,brothers-desert-proof,640607b4c4caf107042558a9a2ac21351408fc50,birch-swinnerton-dyer-143a1/hasseprimset/BSD_Genesis871_CLOSED.lean,666dc9813132e5b41af4aa8cb352b23b092323af6da083ffe4c6318d27e4d4f5
RouteD,brothers-desert-proof,640607b4c4caf107042558a9a2ac21351408fc50,birch-swinnerton-dyer-143a1/hasseprimset/BSD_Genesis872_CLOSED.lean,540efc3654a084496fde9be791441ab45662bd04751234fbe275410cfbdd521c
RouteD,brothers-desert-proof,640607b4c4caf107042558a9a2ac21351408fc50,birch-swinnerton-dyer-143a1/hasseprimset/BSD_Genesis873_CLOSED.lean,80be55f4d5e9c393ef3b98206c7d8ba8b312bc31ff5ebc4393e170e30e9c8ca5
RouteD,brothers-desert-proof,640607b4c4caf107042558a9a2ac21351408fc50,birch-swinnerton-dyer-143a1/hasseprimset/BSD_Genesis874_CLOSED.lean,1627518d132d0ff6652b4f8762366df59e3507654af28d433dcf73c7c871cfd6
RouteD,brothers-desert-proof,640607b4c4caf107042558a9a2ac21351408fc50,birch-swinnerton-dyer-143a1/hasseprimset/BSD_Genesis875_CLOSED.lean,9765cb7114ba9e2fe1b2d399810253be0a38d55c220ef8aad176a9ca19d08a33
RouteD,brothers-desert-proof,640607b4c4caf107042558a9a2ac21351408fc50,birch-swinnerton-dyer-143a1/hasseprimset/BSD_Genesis876_CLOSED.lean,fb93759a1017d42389364701887899d340323767a2e01e9ac66b6757e8bd7076
RouteD,brothers-desert-proof,640607b4c4caf107042558a9a2ac21351408fc50,birch-swinnerton-dyer-143a1/hasseprimset/BSD_Genesis877_CLOSED.lean,78257eda29da4a1b4714df3b055fc84bd8409eb1e5ff105fb8bb10518610d315
RouteD,brothers-desert-proof,640607b4c4caf107042558a9a2ac21351408fc50,birch-swinnerton-dyer-143a1/hasseprimset/BSD_Genesis878_CLOSED.lean,66b3694d850b16f66b351d8cf7a4051aa9687edcf97c04dce7ee5af83bec458f
RouteD,brothers-desert-proof,640607b4c4caf107042558a9a2ac21351408fc50,birch-swinnerton-dyer-143a1/hasseprimset/BSD_Genesis879_CLOSED.lean,f04b507ce26473dc7260859fddc57e5e61608f77ace4337c6af15aa8b58717db
RouteD,brothers-desert-proof,640607b4c4caf107042558a9a2ac21351408fc50,birch-swinnerton-dyer-143a1/hasseprimset/BSD_Genesis880_CLOSED.lean,e77a302b9e982932fe4695a52f530c1e9599374c4059d948aa214eb258e30144
RouteD,brothers-desert-proof,640607b4c4caf107042558a9a2ac21351408fc50,birch-swinnerton-dyer-143a1/hasseprimset/BSD_Genesis881_CLOSED.lean,5e197042feb40e7afa0f40ac74102afb437abf4bebb9ec9fbf5b9b469151279f
RouteD,brothers-desert-proof,640607b4c4caf107042558a9a2ac21351408fc50,birch-swinnerton-dyer-143a1/hasseprimset/BSD_Genesis882_CLOSED.lean,b01215ec8144cabc177f340520b36f081eca3ea22d7601171302d0d546351ad2
RouteD,brothers-desert-proof,640607b4c4caf107042558a9a2ac21351408fc50,birch-swinnerton-dyer-143a1/hasseprimset/BSD_Genesis883_CLOSED.lean,20691ccb0d6aadfa893a586cf05dc1b1dab62edfd10a7435beb3ea0e82e44ad4
RouteD,brothers-desert-proof,640607b4c4caf107042558a9a2ac21351408fc50,birch-swinnerton-dyer-143a1/hasseprimset/BSD_Genesis884_CLOSED.lean,363bb9d10d2ce9a4c8472c26c9fedfc2734974eea2001779d69c78b99291a66c
RouteD,brothers-desert-proof,640607b4c4caf107042558a9a2ac21351408fc50,birch-swinnerton-dyer-143a1/hasseprimset/BSD_Genesis885_CLOSED.lean,627e6b742bd4536cdf693fe2fadd571903168b185cf8278da1e34b55862dbf04
RouteD,brothers-desert-proof,640607b4c4caf107042558a9a2ac21351408fc50,birch-swinnerton-dyer-143a1/hasseprimset/BSD_Genesis886_CLOSED.lean,4781354f5ceb351826662e8ee650ad3364a57470bceb3798306cd57a43fa14be
RouteD,brothers-desert-proof,640607b4c4caf107042558a9a2ac21351408fc50,birch-swinnerton-dyer-143a1/hasseprimset/BSD_Genesis887_CLOSED.lean,ddf002e9884cc75c52091c7df9c2338a9aec7826fcf4cf6c51ac335b37d4f6b1
RouteD,brothers-desert-proof,640607b4c4caf107042558a9a2ac21351408fc50,birch-swinnerton-dyer-143a1/hasseprimset/BSD_Genesis888_CLOSED.lean,ed5323e80867798f6ec81c7107947c6fd8983a4fb4a77c031d2f3ed9ead8f825
RouteD,brothers-desert-proof,640607b4c4caf107042558a9a2ac21351408fc50,birch-swinnerton-dyer-143a1/hasseprimset/BSD_Genesis889_CLOSED.lean,3658c24a7cf52e6dcad4ef2db5afa71da0346978acd3ec03473d275cc2828472
RouteD,brothers-desert-proof,640607b4c4caf107042558a9a2ac21351408fc50,birch-swinnerton-dyer-143a1/hasseprimset/README.md,bb91e17da47224605908afd4316c693ad9f295fbc1a4590165c220aed36aa5b3
RouteD,brothers-desert-proof,640607b4c4caf107042558a9a2ac21351408fc50,birch-swinnerton-dyer-143a1/lakefile.lean,46a4561a87eac67a9534652a693b22ed5c3c2ce6ec41a796221028d0743f0053
RouteD,brothers-desert-proof,640607b4c4caf107042558a9a2ac21351408fc50,birch-swinnerton-dyer-143a1/lean/01_genus_X0_143.lean,c2263238c1443cbd57d4ca2df2b26c1d98f7c6b0f598a6ea78dffb582d5a54b4
RouteD,brothers-desert-proof,640607b4c4caf107042558a9a2ac21351408fc50,birch-swinnerton-dyer-143a1/lean/02_hecke_operators.lean,0ed22e7446a2bf0017386600c3e4397cc87f1050994ff56b2ba6cccdf5e01d59
RouteD,brothers-desert-proof,640607b4c4caf107042558a9a2ac21351408fc50,birch-swinnerton-dyer-143a1/lean/03_qexpansion.lean,afa83f0612f920215ff42458eb42f3ab31d013979122990a9e0ccc1101696c83
RouteD,brothers-desert-proof,640607b4c4caf107042558a9a2ac21351408fc50,birch-swinnerton-dyer-143a1/lean/BSD_ClassGroup_Generator_CLOSED.lean,6afb15b06c34981c9b077fe26c731838a316b2e9fd078e0ff4b328fd909f2ba2
RouteD,brothers-desert-proof,640607b4c4caf107042558a9a2ac21351408fc50,birch-swinnerton-dyer-143a1/lean/BSD_ClassNumberLowerProof.lean,ede5b0918b16393680ae290ad0f034a14c5999c6a44c850f2b3abb98e3134b75
RouteD,brothers-desert-proof,640607b4c4caf107042558a9a2ac21351408fc50,birch-swinnerton-dyer-143a1/lean/BSD_ClassNumber_10_CLOSED.lean,20e0f8f2f446ed68ed058352b8969b5f37a132794d7596d8516cb52deeb72a48
RouteD,brothers-desert-proof,640607b4c4caf107042558a9a2ac21351408fc50,birch-swinnerton-dyer-143a1/lean/BSD_ClaySubmission.lean,d06e34361a253baf61366c968c1ce7e06d82944c3bab433e2a39e58c079b4e8e
RouteD,brothers-desert-proof,640607b4c4caf107042558a9a2ac21351408fc50,birch-swinnerton-dyer-143a1/lean/BSD_Frobenius_Certificate_CLOSED.lean,355799b0ad1d8a7ca5a5b7573bd6f333da460cf38363ecaa8b83c15979465baf
RouteD,brothers-desert-proof,640607b4c4caf107042558a9a2ac21351408fc50,birch-swinnerton-dyer-143a1/lean/BSD_Genesis737_CLOSED.lean,304116167a10f5e9ed3f7a815b4921c03fb635abbd47d9a204411b89694a379f
RouteD,brothers-desert-proof,640607b4c4caf107042558a9a2ac21351408fc50,birch-swinnerton-dyer-143a1/lean/BSD_Genesis759_CLOSED.lean,fad4cad12c2b0258c3a9b3b15ddab773961616ebc066bcb5864919ebfeed8103
RouteD,brothers-desert-proof,640607b4c4caf107042558a9a2ac21351408fc50,birch-swinnerton-dyer-143a1/lean/BSD_Genesis760_CLOSED.lean,02f0fe48ba1b259eed502b2ce086484018890a40ee3a327d36853400a2c5e6f9
RouteD,brothers-desert-proof,640607b4c4caf107042558a9a2ac21351408fc50,birch-swinnerton-dyer-143a1/lean/BSD_HasseBridge_CLOSED.lean,9a12c8fd03795eb4ea5b8d4797d48a7dbd0c3282a6b6534626267cc38b7f6a31
RouteD,brothers-desert-proof,640607b4c4caf107042558a9a2ac21351408fc50,birch-swinnerton-dyer-143a1/lean/BSD_HasseWiles_Standalone.lea,2c3068cd50626b7b91f6495d0591b90d4786b1215630628357783920d3e3fc4f
RouteD,brothers-desert-proof,640607b4c4caf107042558a9a2ac21351408fc50,birch-swinnerton-dyer-143a1/lean/BSD_LFunction_Chain.lean,a8659237aa158ef908ea3db22a1e54ef1179578e094db9a809a6d6ff6c9943bb
RouteD,brothers-desert-proof,640607b4c4caf107042558a9a2ac21351408fc50,birch-swinnerton-dyer-143a1/lean/BSD_Master_Equations.lean,6ec46444b0669e7c31b8bb87c15e77756c6b799eac749845efea1f42a22e187f
RouteD,brothers-desert-proof,640607b4c4caf107042558a9a2ac21351408fc50,birch-swinnerton-dyer-143a1/lean/BSD_P2_Principal_CLOSED.lean,8eba90b7f5da42baef271a5a0917b2d1fd8c6493f0c15b1eb91a994624e46fbd
RouteD,brothers-desert-proof,640607b4c4caf107042558a9a2ac21351408fc50,birch-swinnerton-dyer-143a1/lean/BSD_RankLFunction_CLOSED.lean,506cce64dc3fac5bf997bd2825e8dfd892bdc135e5014dd84bfe017d8c305cb5
RouteD,brothers-desert-proof,640607b4c4caf107042558a9a2ac21351408fc50,birch-swinnerton-dyer-143a1/lean/BSD_TimeBound_CLOSED.lean,6c5dd99191b96615eb141c0bd44d865dc4b8817735380459b3b6f0b59b8bd71c
RouteD,brothers-desert-proof,640607b4c4caf107042558a9a2ac21351408fc50,birch-swinnerton-dyer-143a1/lean/BSD_TorsionSha_CLOSED.lean,56c9e79eb772ad787a186f5e6627e07c866616f297f14a7db3aa0cf5292866b1
RouteD,brothers-desert-proof,640607b4c4caf107042558a9a2ac21351408fc50,birch-swinnerton-dyer-143a1/lean/E143a1_CLOSED.lean,bea8b6f27ba8943aa2b04c50b62355df4ff138373fae9508c3e9e982eafc08cd
RouteD,brothers-desert-proof,640607b4c4caf107042558a9a2ac21351408fc50,birch-swinnerton-dyer-143a1/lean/README.md,99d08448649197230b38b28d0cff0a5589578168b424324ecea08a7e22f4c35e
RouteD,brothers-desert-proof,640607b4c4caf107042558a9a2ac21351408fc50,birch-swinnerton-dyer-143a1/lean/hassewiles.lean,94f5cd80ac57fa6c0c8cf3eed3570a076430f02babfc54b18c130bb0cfb638f3
RouteD,brothers-desert-proof,640607b4c4caf107042558a9a2ac21351408fc50,birch-swinnerton-dyer-143a1/lean/lean.lean,6dc1b2e704ac0cfdc0a826acfd4dd3daaa5f6ff93b60b4aed8eef1806c3b5db4
RouteD,brothers-desert-proof,640607b4c4caf107042558a9a2ac21351408fc50,birch-swinnerton-dyer-143a1/lean-toolchain,e6930c662006db4d6dc76c651d60a608e4f6a18bcfd53e6b0167d70a125285d5
RouteD,brothers-desert-proof,640607b4c4caf107042558a9a2ac21351408fc50,birch-swinnerton-dyer-143a1/parent_full_history/README.md,1a13dbf9f9f83f862e24fb9f04e726696ad1b2b343dd7210ee2a54ff0a1acd22
RouteD,brothers-desert-proof,640607b4c4caf107042558a9a2ac21351408fc50,birch-swinnerton-dyer-143a1/parent_full_history/birch-swinnerton-dyer-143-main (1).zip,df060164cb4f244ee91f3513b6dd08d666beb04f0873df6ffb7144f57c488e40
RouteD,brothers-desert-proof,640607b4c4caf107042558a9a2ac21351408fc50,birch-swinnerton-dyer-143a1/rebuild_clean.py,29418edcbaf5f93b9cc94dfce4372094bdb8900b693e8b9b92a723893fb0f8d1
RouteD,brothers-desert-proof,640607b4c4caf107042558a9a2ac21351408fc50,deliverables/README.md,76354ed826490fde258bdf744e04a2c6b284ad928548a87b7e8c5a10add838d9
RouteD,brothers-desert-proof,640607b4c4caf107042558a9a2ac21351408fc50,deliverables/davidfox998_public_evidence_packet.html,2878bf9499f0a3bf7d025a9409129a77c052e3e39339284d4d7100dafec02687
RouteD,brothers-desert-proof,640607b4c4caf107042558a9a2ac21351408fc50,deliverables/davidfox998_public_evidence_packet.pdf,94a433e61e7ede9cf4255a32e1a9a7de2d60ebfaa513e8cc1fc6e41e2d60f62a
RouteD,brothers-desert-proof,640607b4c4caf107042558a9a2ac21351408fc50,docs/README.md,e1946976d52885e0ca50bf58b69baabd0bb50f13cfc71b050c87040039fcfe03
RouteD,brothers-desert-proof,640607b4c4caf107042558a9a2ac21351408fc50,docs/rapidapi-listing.md,cd6cb4a33303ed5fec5744119715c7ef78570d802dd9f18d74ed07d66a78138a
RouteD,brothers-desert-proof,640607b4c4caf107042558a9a2ac21351408fc50,hodge-abelian-boundaries/. zenodo.json,bc8d6b0818f8548df15a0bc9a08d5d17f6331e3b5472208b4edd50db083ddb60
RouteD,brothers-desert-proof,640607b4c4caf107042558a9a2ac21351408fc50,hodge-abelian-boundaries/.github/workflows/ci.yml,dfcf7b655012f3555d3510e417651967b06374a2a4ebf0c8bcc1379f86d2ba9a
RouteD,brothers-desert-proof,640607b4c4caf107042558a9a2ac21351408fc50,hodge-abelian-boundaries/.github/workflows/oracle.yml,8077f3664301988a2c0b0eece71895dd1c923bbb8ebc40bc4fcd2bdea9fa8788
RouteD,brothers-desert-proof,640607b4c4caf107042558a9a2ac21351408fc50,hodge-abelian-boundaries/.seed,c9c0219b78ebd78d0adbd9ed544961f2dea8e8208cd747e16252b70e0edcbb91
RouteD,brothers-desert-proof,640607b4c4caf107042558a9a2ac21351408fc50,hodge-abelian-boundaries/.zenodo.json,1cf10d08ce54f7cf6757ba432ab2532ede54d1485a7d89f063a8c6e3e0233dfa
RouteD,brothers-desert-proof,640607b4c4caf107042558a9a2ac21351408fc50,hodge-abelian-boundaries/AGENTS.md,6aaae92dd2319eb24c147b7b02ac1043faa7fd164220247d6365f7854af7de2a
RouteD,brothers-desert-proof,640607b4c4caf107042558a9a2ac21351408fc50,hodge-abelian-boundaries/CHAIN.md,3bb2628307a07a83eff2af5ba7e3103ca1bdcf5629c2dfc3a7904e0aa4ca6f12
RouteD,brothers-desert-proof,640607b4c4caf107042558a9a2ac21351408fc50,hodge-abelian-boundaries/CITATION.cff,4b5fcabe08715f98f0d109302782fac0fef3d49fe959c6894d08c3f11e404354
RouteD,brothers-desert-proof,640607b4c4caf107042558a9a2ac21351408fc50,hodge-abelian-boundaries/OperaNumerorum_MasterEquations.pdf,cf14334b84a1fe031ae32a73052d511f02c694685690b499fc6b1df4d307c938
RouteD,brothers-desert-proof,640607b4c4caf107042558a9a2ac21351408fc50,hodge-abelian-boundaries/README.md,fc09a7a83a53006520d3c752730e2fab987f9829829b8619f123e043e8a907c7
RouteD,brothers-desert-proof,640607b4c4caf107042558a9a2ac21351408fc50,hodge-abelian-boundaries/Seal/AXIOMS.txt,a18070bf034f5ff6ded76ec66aa3e938bd803c088877dea733786649b1ee984b
RouteD,brothers-desert-proof,640607b4c4caf107042558a9a2ac21351408fc50,hodge-abelian-boundaries/Seal/BRICKS.txt,824b7446ff26bd0858282c708ed62c3055ca7c9cfe241a159754e451bde7cbbc
RouteD,brothers-desert-proof,640607b4c4caf107042558a9a2ac21351408fc50,hodge-abelian-boundaries/Seal/SHA256.asc,2bf7d75c4e68d3e77ef8fb4235e44105d62c2a860dd4ceb4fd2d11e9da4ffebd
RouteD,brothers-desert-proof,640607b4c4caf107042558a9a2ac21351408fc50,hodge-abelian-boundaries/Seal/SORRYS.txt,9a271f2a916b0b6ee6cecb2426f0b3206ef074578be55d9bc94f6f3fe3ab86aa
RouteD,brothers-desert-proof,640607b4c4caf107042558a9a2ac21351408fc50,hodge-abelian-boundaries/Seal/TIMESTAMP.txt,fbe5b47691fd1341cdc8f288c22b339a35aaaa87b6e0342ee6b346314bc48f21
RouteD,brothers-desert-proof,640607b4c4caf107042558a9a2ac21351408fc50,hodge-abelian-boundaries/certificates/Hodge_CM_Replicit_v17_PDF1.pdf,84ac5b01ec6d49745331aa91c71a3bab76e28c9895e76f126f6a0fe076ca2e8d
RouteD,brothers-desert-proof,640607b4c4caf107042558a9a2ac21351408fc50,hodge-abelian-boundaries/certificates/Hodge_CM_Replicit_v17_PDF2.pdf,f9a618c31a4f50c51e05a634388bfbaf6314051c78c53275b1d5174ab8a2579b
RouteD,brothers-desert-proof,640607b4c4caf107042558a9a2ac21351408fc50,hodge-abelian-boundaries/certificates/Hodge_Measurements_v17_PDF3.pdf,d1650cc0884ac6884def325751b62346407c051221903c814e39c55d81de4313
RouteD,brothers-desert-proof,640607b4c4caf107042558a9a2ac21351408fc50,hodge-abelian-boundaries/certificates/invariants.json,f321850bbe90093c8f713d164de58660c2cf7cb699724d424d99ac52553f4b28
RouteD,brothers-desert-proof,640607b4c4caf107042558a9a2ac21351408fc50,hodge-abelian-boundaries/certs/SHA256SUMS,2afb49f2239a20780e1b4f104782df61104bff6e7ae8a840a549003eb7db1527
RouteD,brothers-desert-proof,640607b4c4caf107042558a9a2ac21351408fc50,hodge-abelian-boundaries/data/d3_hyperplane.txt,5594ff75817a2d3f94cc2022433b75e5e4d44203129c8ec14012aad786a2e449
RouteD,brothers-desert-proof,640607b4c4caf107042558a9a2ac21351408fc50,hodge-abelian-boundaries/lakefile.lean,504aca229fc545b8621f32ff31830d1d7e6f1d23861c241354d9ee606aa75dc5
RouteD,brothers-desert-proof,640607b4c4caf107042558a9a2ac21351408fc50,hodge-abelian-boundaries/lean/AutoLemmas.lean,3a69bd968a8f1f505d665e550a1cb5768874f65e9704946713f365e120bdf924
RouteD,brothers-desert-proof,640607b4c4caf107042558a9a2ac21351408fc50,hodge-abelian-boundaries/lean/C01_Basic.lean,6fb38e08529348b1f9ad245e56ed31573b52079c48ea022a1ebc75d389aa19a4
RouteD,brothers-desert-proof,640607b4c4caf107042558a9a2ac21351408fc50,hodge-abelian-boundaries/lean/C02_AlgebraicCycles.lean,bbc90d5d34c7b68699408adaa16161714d441f4a36bb696ec4e51d0b916cdd84
RouteD,brothers-desert-proof,640607b4c4caf107042558a9a2ac21351408fc50,hodge-abelian-boundaries/lean/C03_HodgeStructure.lean,8aef973873d503d09a5553c38683fadd1242fd2c1e064ce1635fedeb4e293ac7
RouteD,brothers-desert-proof,640607b4c4caf107042558a9a2ac21351408fc50,hodge-abelian-boundaries/lean/C04_Comparison.lean,1c10389b73b1f26b22d37be829c3f7bbe3b2779c13f782c7b453d7358c1f6d6a
RouteD,brothers-desert-proof,640607b4c4caf107042558a9a2ac21351408fc50,hodge-abelian-boundaries/lean/C05_Primitive.lean,ea788643fc2e62b44547f44fe6e65f3f74cf8f7c3666e1a341c45a032b2fb841
RouteD,brothers-desert-proof,640607b4c4caf107042558a9a2ac21351408fc50,hodge-abelian-boundaries/lean/C06_Polarization.lean,b8132c3b605d7885ef41f539b9a9893e47dc9bd518649e3a935f28749121c9af
RouteD,brothers-desert-proof,640607b4c4caf107042558a9a2ac21351408fc50,hodge-abelian-boundaries/lean/C07_Abelian.lean,49d1de680aea2aa9cf66fd62b6155860f4adabb0832c1b053a149bc262b9ac1b
RouteD,brothers-desert-proof,640607b4c4caf107042558a9a2ac21351408fc50,hodge-abelian-boundaries/lean/C08_HodgeClasses.lean,5343793988e9ae57ec9e13723e2c2eccf7c912f681c55ce89178cce016145cf7
RouteD,brothers-desert-proof,640607b4c4caf107042558a9a2ac21351408fc50,hodge-abelian-boundaries/lean/Compute.lean,c590b0e19c0deb04412751f601224e8b74e472daf7642971ba929234b2e4e20e
RouteD,brothers-desert-proof,640607b4c4caf107042558a9a2ac21351408fc50,hodge-abelian-boundaries/lean/Consolidated_Abelian_Definitions.lean,d7de2046c133b1c4a05c4a878a14dff21fd9bd660811d7209b99880a8b0c5f00
RouteD,brothers-desert-proof,640607b4c4caf107042558a9a2ac21351408fc50,hodge-abelian-boundaries/lean/Defs.lean,a069b97c3e520ffd3799b3530783609e4bff363472bdfe0ef2f113f486bb59e6
RouteD,brothers-desert-proof,640607b4c4caf107042558a9a2ac21351408fc50,hodge-abelian-boundaries/lean/HodgeAbelian.lean,a7c5acb63cfdbed7aed9805c96d878c5e347351a6bb2186d0ec8c813da929fbc
RouteD,brothers-desert-proof,640607b4c4caf107042558a9a2ac21351408fc50,hodge-abelian-boundaries/lean/HodgeBridge.lean,3e8e9cd612b761bb883155357ce97a087a56678ae01c17e966e55792bf9d106d
RouteD,brothers-desert-proof,640607b4c4caf107042558a9a2ac21351408fc50,hodge-abelian-boundaries/lean/HodgeCF.lean,bc7258ff7523c5fee9c7e6f252424993292c8e85b0d9b25587dfd03143bc0607
RouteD,brothers-desert-proof,640607b4c4caf107042558a9a2ac21351408fc50,hodge-abelian-boundaries/lean/HodgeCFPrimes.lean,28dca832687cc9a237e8800f7e9e8d03aff4efe78f93aa77c08a3f806cee0627
RouteD,brothers-desert-proof,640607b4c4caf107042558a9a2ac21351408fc50,hodge-abelian-boundaries/lean/HodgeGenuine.lean,a09ace4ffbace0a744ecc3f5336dcf0d4f4fefb45267200474e4e66ee0bde3a1
RouteD,brothers-desert-proof,640607b4c4caf107042558a9a2ac21351408fc50,hodge-abelian-boundaries/lean/HodgeMathlib.lean,d69e122bbb57281734e816b01d640600e474140c59ad53af4b1d57206e907724
RouteD,brothers-desert-proof,640607b4c4caf107042558a9a2ac21351408fc50,hodge-abelian-boundaries/lean/M9_WeilTransfer.lean,0cb1507b3b037409361bab2ab2f6f3fcfae657e4b609ac6446133e4c1a939cc4
RouteD,brothers-desert-proof,640607b4c4caf107042558a9a2ac21351408fc50,hodge-abelian-boundaries/lean/Operator.lean,e04e5d311a4750351e8ecae95b61cd9303d9569b7a268b02582117bfd2072e59
RouteD,brothers-desert-proof,640607b4c4caf107042558a9a2ac21351408fc50,hodge-abelian-boundaries/lean/OperatorV2.lean,f53bb2bdec81e1de98f5f81647798ecc1a8dce1d365462430b6848e7d205e04f
RouteD,brothers-desert-proof,640607b4c4caf107042558a9a2ac21351408fc50,hodge-abelian-boundaries/lean/Perron_Placeholder.lean,aa0defd3dff1c9fef50dc4cd4b4bba927dfbd576ab557af4654a6701aea11f16
RouteD,brothers-desert-proof,640607b4c4caf107042558a9a2ac21351408fc50,hodge-abelian-boundaries/lean/SMap.lean,70a2983f9bb34ce16e25b48cbe9839762df5485aea5e6ad616dcac0b7ec4d3fa
RouteD,brothers-desert-proof,640607b4c4caf107042558a9a2ac21351408fc50,hodge-abelian-boundaries/lean/SUPERBRIC_MORNINGSTAR_1419.lean,ab92b29f765160f2ebb4facc4eb9b0d97bc7fd459df6e0f98e7b22a5875b48b5
RouteD,brothers-desert-proof,640607b4c4caf107042558a9a2ac21351408fc50,hodge-abelian-boundaries/lean/Twelve.lean,2124ef740c205601019bb4caacb8824550851b3aabba6adda2bd0434f560cb7f
RouteD,brothers-desert-proof,640607b4c4caf107042558a9a2ac21351408fc50,hodge-abelian-boundaries/lean/UniformGap_Placeholder.lean,d2423f9b4e5cbe8ddb8ce36c5e47d82c8b885c2b7e797194011714550c4b07d3
RouteD,brothers-desert-proof,640607b4c4caf107042558a9a2ac21351408fc50,hodge-abelian-boundaries/lean/ZoeComparisonTest.lean,e31d411bde75c821ecfafaceaa6a8bc49e338b0413d8ea26566cbf9ad52d22d1
RouteD,brothers-desert-proof,640607b4c4caf107042558a9a2ac21351408fc50,hodge-abelian-boundaries/lean-toolchain,e6930c662006db4d6dc76c651d60a608e4f6a18bcfd53e6b0167d70a125285d5
RouteD,brothers-desert-proof,640607b4c4caf107042558a9a2ac21351408fc50,hodge-abelian-boundaries/papers/paper1_hodge_cm_recurrence.pdf,0290414d80a82656206577800f03273c97da77bded7b52f76d4bef49f39004b6
RouteD,brothers-desert-proof,640607b4c4caf107042558a9a2ac21351408fc50,hodge-abelian-boundaries/papers/paper2_rank_obstructions.pdf,4051fb30173de4bb4fb8463d0ed1cf0a8122dafe6f63b248f0875e1719e64a58
RouteD,brothers-desert-proof,640607b4c4caf107042558a9a2ac21351408fc50,hodge-abelian-boundaries/papers/paper3_tensor_rank_criteria.pdf,be2ac74dbba1173b85d83438c3020630e26cc3b79e17f5d7f439237479fa2cb8
RouteD,brothers-desert-proof,640607b4c4caf107042558a9a2ac21351408fc50,hodge-abelian-boundaries/rh/.oracle/manifest.json,9171ef1888fa290cf1aae1d5a5d4f03e1161617b9e550ab450843810ef2e9ea3
RouteD,brothers-desert-proof,640607b4c4caf107042558a9a2ac21351408fc50,hodge-abelian-boundaries/rh/src/oracle.py,1c75d4c9ee275cb2de9c3cda5b6f0887db1107b71028db3c7c368efdd16d7727
RouteD,brothers-desert-proof,640607b4c4caf107042558a9a2ac21351408fc50,hodge-abelian-boundaries/scripts/build_hodge_cm_v17_pdf1.py,747a89badfd408c08dc6b3a093dbd4cb394698ce2a01343404bcd594a04a132d
RouteD,brothers-desert-proof,640607b4c4caf107042558a9a2ac21351408fc50,hodge-abelian-boundaries/scripts/build_hodge_cm_v17_pdf2.py,6d60217a70495aeaa4f835de02341bb29fa6838cc9a70e591f4e4a96e53f7ab5
RouteD,brothers-desert-proof,640607b4c4caf107042558a9a2ac21351408fc50,hodge-abelian-boundaries/scripts/cm_k3.sage,bcc1d7046bf89f6c04c9788de5bad5a5de07d5416c6f40db73777b67a1c2e0ec
RouteD,brothers-desert-proof,640607b4c4caf107042558a9a2ac21351408fc50,hodge-abelian-boundaries/scripts/generate_paper2_data.sage,3016b8713854461c85fd14b14e5a5282773b803583d6db0a8ac3b28925028690
RouteD,brothers-desert-proof,640607b4c4caf107042558a9a2ac21351408fc50,hodge-abelian-boundaries/scripts/rank_obstruction.sage,01ba4719c80b6fe911b091a7c05124b64eeece964e09c058ef8f9805daca546b
RouteD,brothers-desert-proof,640607b4c4caf107042558a9a2ac21351408fc50,hodge-abelian-boundaries/scripts/recurrence_test.sage,cd2f83e5cd972f973d2644a98af799c36dac83d4ab5aee3b097771b2c725d14f
RouteD,brothers-desert-proof,640607b4c4caf107042558a9a2ac21351408fc50,hodge-abelian-boundaries/scripts/tensor_k3.sage,28bebf9a2cf7b82c71c24956d1e0d3a3105d69701737c26cc72403e4bdade035
RouteD,brothers-desert-proof,640607b4c4caf107042558a9a2ac21351408fc50,hodge-abelian-boundaries/scripts/verify_k3.sage,ce004d8b04ba7f497d3654ab0273836a87e566115c5ad97988986bfde15e65d5
RouteD,brothers-desert-proof,640607b4c4caf107042558a9a2ac21351408fc50,hodge-abelian-boundaries/scripts/zoe_invariant.sage,afe2e461f9c78e87bf046ee35bdc93d780a5af6b6fcad770b02efe007c03511e
RouteD,brothers-desert-proof,640607b4c4caf107042558a9a2ac21351408fc50,hodge-abelian-boundaries/tests/test_hodge_numerics.py,ed8c5006b1ccd7de4105a9f54d3cef660565efb5753b8025064741361b5c388a
RouteD,brothers-desert-proof,640607b4c4caf107042558a9a2ac21351408fc50,lake-manifest.json,d5c92a304e16e178d85b142b28c21149f4c5f69018fd45524a8adc6a6ed0e13e
RouteD,brothers-desert-proof,640607b4c4caf107042558a9a2ac21351408fc50,lakefile.lean,0335a81fe9c717bbf12ef3e86a9117b578a8b83fea74883a7a2373575d61c016
RouteD,brothers-desert-proof,640607b4c4caf107042558a9a2ac21351408fc50,lean-toolchain,aff3a276fcd1daa6f311e07baf168d5c0c89a3ddad4cd4e8de3e2ec779504e46
RouteD,brothers-desert-proof,640607b4c4caf107042558a9a2ac21351408fc50,lib/README.md,8d7355a615b7646bb83285288901ffb542be82cc11b64ccbff858cf97e3ab42d
RouteD,brothers-desert-proof,640607b4c4caf107042558a9a2ac21351408fc50,lib/api-client-react/dist/custom-fetch.d.ts,959051c3c76f0a3f362d4ec36681f0fb91a0250b8088186c922111fe06921e3b
RouteD,brothers-desert-proof,640607b4c4caf107042558a9a2ac21351408fc50,lib/api-client-react/dist/custom-fetch.d.ts.map,33314288e4dcf206a7a91e3b2fc6692d4f40ecd80c9e38cfa802764c02521f4c
RouteD,brothers-desert-proof,640607b4c4caf107042558a9a2ac21351408fc50,lib/api-client-react/dist/generated/api.d.ts,ff24f08d22b83e5fc471b50ef6206c6adcacf15e8eb2f2571940d4514bc79539
RouteD,brothers-desert-proof,640607b4c4caf107042558a9a2ac21351408fc50,lib/api-client-react/dist/generated/api.d.ts.map,34e8a69b30a8e3d229256f3ea879f0d6e2a0c63513f81cf592dcb066d7a7fcc6
RouteD,brothers-desert-proof,640607b4c4caf107042558a9a2ac21351408fc50,lib/api-client-react/dist/generated/api.schemas.d.ts,d6024abff409f1d6b337fde3b5734ecef46b46ee8dbdef5c46315a1fb9573bb8
RouteD,brothers-desert-proof,640607b4c4caf107042558a9a2ac21351408fc50,lib/api-client-react/dist/generated/api.schemas.d.ts.map,2dd687c94ac07fc5300d9c2c7e6e42c3fc0032ad7bbca4366e4ec93bb6a954aa
RouteD,brothers-desert-proof,640607b4c4caf107042558a9a2ac21351408fc50,lib/api-client-react/dist/index.d.ts,b46554ec192f3a49c8a5175cc1b939ec1510425f162971a78735ae2bf1d06359
RouteD,brothers-desert-proof,640607b4c4caf107042558a9a2ac21351408fc50,lib/api-client-react/dist/index.d.ts.map,10395066ced81567643b851d3658be3f35e346650b935b3282aa28aa7dd6e7a3
RouteD,brothers-desert-proof,640607b4c4caf107042558a9a2ac21351408fc50,lib/api-zod/dist/generated/api.d.ts,3171d5aae30001da07908f3dbcaab6fd5eae2b959a255cd3025727a25586f0a7
RouteD,brothers-desert-proof,640607b4c4caf107042558a9a2ac21351408fc50,lib/api-zod/dist/generated/api.d.ts.map,6676c09ae414efd46ada15b7c2ef8caac4fdc5225ddc2253f7ee35a376b8307a
RouteD,brothers-desert-proof,640607b4c4caf107042558a9a2ac21351408fc50,lib/api-zod/dist/generated/types/healthStatus.d.ts,1da64866776e497dd4de95a02b9d34997af6fea9dafe030f2755a47eb91a58bc
RouteD,brothers-desert-proof,640607b4c4caf107042558a9a2ac21351408fc50,lib/api-zod/dist/generated/types/healthStatus.d.ts.map,0566bd13cec59430af8543ff15c114526859e9027509571390080b5273cacb26
RouteD,brothers-desert-proof,640607b4c4caf107042558a9a2ac21351408fc50,lib/api-zod/dist/generated/types/index.d.ts,3dec8a53a1389946d02f97d93c3c1efc36be3d4a1140afd1509d65797f6b9067
RouteD,brothers-desert-proof,640607b4c4caf107042558a9a2ac21351408fc50,lib/api-zod/dist/generated/types/index.d.ts.map,8e41dc397523fb69be622c990c811275c7af4d76139c7ea27d8458992f3d1c52
RouteD,brothers-desert-proof,640607b4c4caf107042558a9a2ac21351408fc50,lib/api-zod/dist/index.d.ts,ae0be5676cbb9679fa515abb6214cfae78a98b38cc0bfb98d9611ccdaf64ea52
RouteD,brothers-desert-proof,640607b4c4caf107042558a9a2ac21351408fc50,lib/api-zod/dist/index.d.ts.map,2575e967be5c8aa0e6ec8608cd2552babbe8f993857ba00a37b65924d43938e2
RouteD,brothers-desert-proof,640607b4c4caf107042558a9a2ac21351408fc50,lib/db/dist/index.d.ts,818635711f50510676085fc5b096d9b0b9d88a61cd72001d798f5bbe6b5a395a
RouteD,brothers-desert-proof,640607b4c4caf107042558a9a2ac21351408fc50,lib/db/dist/index.d.ts.map,aea100987c90986c72a6e882d6614a628b3699113e46a0e18872301a278630cc
RouteD,brothers-desert-proof,640607b4c4caf107042558a9a2ac21351408fc50,lib/db/dist/schema/index.d.ts,f667f6b1d66ba55f0dcd27f5ff050063fecfe289bad00e8c5d48344a775c1439
RouteD,brothers-desert-proof,640607b4c4caf107042558a9a2ac21351408fc50,lib/db/dist/schema/index.d.ts.map,7bbf32f95fa05560ff22e3d75cd5f484270fe7197f580d9ffa892cd0dc3e4533
RouteD,brothers-desert-proof,640607b4c4caf107042558a9a2ac21351408fc50,morningstar_patent_disclosure.md,1114bf2bd7a3184de910eb33e5928956b5a06712514a8b1d9d88153bc2c5d3ac
RouteD,brothers-desert-proof,640607b4c4caf107042558a9a2ac21351408fc50,patent_disclosure_package_20260815.pdf,d75d1aaa44db252f0000f191f98c97add400abeffa80461d82d061016a7d4181
RouteD,brothers-desert-proof,640607b4c4caf107042558a9a2ac21351408fc50,pistus-theoria/README.md,3658e588f9f26f5f9985a667de0524f8fcadf68eae69f7a36a167e1b15757f70
RouteD,brothers-desert-proof,640607b4c4caf107042558a9a2ac21351408fc50,pistus-theoria/birch-swinnerton-dyer/BSD-J0-143.tex,41a0fc06aef4dd7ec356359e2c6764af0b06a5e97e070366cd4ad7d1c5afb37d
RouteD,brothers-desert-proof,640607b4c4caf107042558a9a2ac21351408fc50,pistus-theoria/check_h4_labels.py,47b81534ef825f729fa3cc40125b8e3474afd1116b120ddc11aeff4b370b952d
RouteD,brothers-desert-proof,640607b4c4caf107042558a9a2ac21351408fc50,pistus-theoria/invariants.json,9e869974e39b556dd0e0c1ce4a29912aca5e3ec9d17a770081217c18bcd18fb5
RouteD,brothers-desert-proof,640607b4c4caf107042558a9a2ac21351408fc50,provisional_patent_zerobeacon.md,363cbebadb8cdd369ea24b2853a2a2266fb96e5a952d232b4af36e4a99d99375
RouteD,brothers-desert-proof,640607b4c4caf107042558a9a2ac21351408fc50,rh-p5-bridge-14/.github/workflows/lean.yml,635579d0f34b9cd6ebb79e67347010879164950925def8e0dff44c104085d20d
RouteD,brothers-desert-proof,640607b4c4caf107042558a9a2ac21351408fc50,rh-p5-bridge-14/.github/workflows/relock-chain.yml,cac2272851db8b265b96ab3867082055b3f05889c562390aa1dfaf75dfc05202
RouteD,brothers-desert-proof,640607b4c4caf107042558a9a2ac21351408fc50,rh-p5-bridge-14/.github/workflows/verify-chain.yml,ce19e2fcca76150c047c523af46f1513c9130e56d659cc05fab1347446630efe
RouteD,brothers-desert-proof,640607b4c4caf107042558a9a2ac21351408fc50,rh-p5-bridge-14/.zenodo.json,5b896049e992ab5aa66a8f3f2c8b639eb51f24a726e52691593e368ef10cad5d
RouteD,brothers-desert-proof,640607b4c4caf107042558a9a2ac21351408fc50,rh-p5-bridge-14/AGENTS.md,1938743117ef6d31731f8bcb133a81b0e4c1f78f73875fe75ac71e7cb30bb1d7
RouteD,brothers-desert-proof,640607b4c4caf107042558a9a2ac21351408fc50,rh-p5-bridge-14/CERT_LOG.md,fd9552d451dc6e069ad9ec091e811b046944743bf5caf6e300c20151136024e9
RouteD,brothers-desert-proof,640607b4c4caf107042558a9a2ac21351408fc50,rh-p5-bridge-14/CHAIN.md,09548ae981f4a0da0f9519f7930f55b8ad6906b55a9d22ff897f811fa85f1d42
RouteD,brothers-desert-proof,640607b4c4caf107042558a9a2ac21351408fc50,rh-p5-bridge-14/FOR_BRIDGE.txt,19755d3f0e8cca68dd3adaabf8463d1b5dcab4adff17018ee3d2c6c3b170357e
RouteD,brothers-desert-proof,640607b4c4caf107042558a9a2ac21351408fc50,rh-p5-bridge-14/OPERA_LINK.json,3ab4031e2b98343cb7bbd5c04ac2d0a15c32ce1fa01e9d17f49ba67adc257d82
RouteD,brothers-desert-proof,640607b4c4caf107042558a9a2ac21351408fc50,rh-p5-bridge-14/OperaNumerorum_MasterEquations.pdf,cf14334b84a1fe031ae32a73052d511f02c694685690b499fc6b1df4d307c938
RouteD,brothers-desert-proof,640607b4c4caf107042558a9a2ac21351408fc50,rh-p5-bridge-14/README.md,2b2779a844e6db4787e0f36271a4783954b591fd5d83343a78bf22b08317ee2b
RouteD,brothers-desert-proof,640607b4c4caf107042558a9a2ac21351408fc50,rh-p5-bridge-14/REPOS.md,1844271d6720a708cbd3d3866b72d0ccf241949a2bff3956c546c5a9d2b39b17
RouteD,brothers-desert-proof,640607b4c4caf107042558a9a2ac21351408fc50,rh-p5-bridge-14/Towers/Common/Conductor.lean,61ba58ef9f0efb101ee4c5b4ad5dda1805242271434c6df3c2720913e321c05b
RouteD,brothers-desert-proof,640607b4c4caf107042558a9a2ac21351408fc50,rh-p5-bridge-14/Towers/Common/README.md,81bcfcebe2a452189106efcc9be2b2d4c6524762689e72826af80fc0b162402f
RouteD,brothers-desert-proof,640607b4c4caf107042558a9a2ac21351408fc50,rh-p5-bridge-14/Towers/README.md,86f66913b0915291527d638bc72feb6c8e647915013dc9fabcfade7fe50a182f
RouteD,brothers-desert-proof,640607b4c4caf107042558a9a2ac21351408fc50,rh-p5-bridge-14/Towers/RH/Arakelov/AbbesUllmo.lean,83f316218c6c9b210a3b3e827f25853935c4cf53d5ff254e54f5e834786051fb
RouteD,brothers-desert-proof,640607b4c4caf107042558a9a2ac21351408fc50,rh-p5-bridge-14/Towers/RH/Arakelov/README.md,267cfe535c772acd007452278fb72f099aa7026e06cdee1450f07df5f6a57f0a
RouteD,brothers-desert-proof,640607b4c4caf107042558a9a2ac21351408fc50,rh-p5-bridge-14/Towers/RH/Axioms.lean,571d1cfabb675e61b6632c71d5defc34f7a7229eb50d91aa5b97fe549dd44b81
RouteD,brothers-desert-proof,640607b4c4caf107042558a9a2ac21351408fc50,rh-p5-bridge-14/Towers/RH/Bridge143.lean,be5872ad3a5083215d6d9e9831e22e8a4cd2f72f925618158d34337237ac0999
RouteD,brothers-desert-proof,640607b4c4caf107042558a9a2ac21351408fc50,rh-p5-bridge-14/Towers/RH/Chain/C01_Arakelov.lean,2e833152c3ade33033af31315b115e855ac2fa08179f1ffde32ea757783d0f58
RouteD,brothers-desert-proof,640607b4c4caf107042558a9a2ac21351408fc50,rh-p5-bridge-14/Towers/RH/Chain/C02_Modularity.lean,e772feeaa3c1a923087894179a514b42bba9e736eacae90e602ed5899f946850
RouteD,brothers-desert-proof,640607b4c4caf107042558a9a2ac21351408fc50,rh-p5-bridge-14/Towers/RH/Chain/C03_Positivity.lean,295a634864dcec5fd9e0752c87b4fea902cd265c127f815f8f01c0c54a35c1e6
RouteD,brothers-desert-proof,640607b4c4caf107042558a9a2ac21351408fc50,rh-p5-bridge-14/Towers/RH/Chain/C04_HeightBound.lean,f88d7457fb596a3ffa7387b3792b9ca0e043bf66fdf44c436938285d951757a8
RouteD,brothers-desert-proof,640607b4c4caf107042558a9a2ac21351408fc50,rh-p5-bridge-14/Towers/RH/Chain/C05_Discriminant.lean,44993ff39786d6a83163c6d2a88943b97cff963ec3548cc58aa77af0e0d1a8fe
RouteD,brothers-desert-proof,640607b4c4caf107042558a9a2ac21351408fc50,rh-p5-bridge-14/Towers/RH/Chain/C06_ZetaControl.lean,de5489d7268bcb1ad3a08da73ee437ef8fd5c59dad9f72b84011c598d1a54e4c
RouteD,brothers-desert-proof,640607b4c4caf107042558a9a2ac21351408fc50,rh-p5-bridge-14/Towers/RH/Chain/C07_RH.lean,73bf535c079332c83b28a3598cf2b4136f28e1d013a706d77dbcd374afd1b8b3
RouteD,brothers-desert-proof,640607b4c4caf107042558a9a2ac21351408fc50,rh-p5-bridge-14/Towers/RH/Chain/C08_M4WeilBridge.lean,336c0ec27a4091d3471f84957c881e3aa777e2810ff3b25f823b634087b1e90b
RouteD,brothers-desert-proof,640607b4c4caf107042558a9a2ac21351408fc50,rh-p5-bridge-14/Towers/RH/Chain/C09_P5Bridge.lean,4130441c14fe66875ad5a7a3403c3cb0bf46baf69055117ab67553f9522cf309
RouteD,brothers-desert-proof,640607b4c4caf107042558a9a2ac21351408fc50,rh-p5-bridge-14/Towers/RH/Chain/C10_MainTheorem.lean,40209b53521eb27c447d376d7f6cb6cf8d0d7c94ddcba42f082fd16a201ba1b7
RouteD,brothers-desert-proof,640607b4c4caf107042558a9a2ac21351408fc50,rh-p5-bridge-14/Towers/RH/Chain/C11_CertificateClosure.lean,d570dd9b6d8614c72343e0e8f7adc058b02d541fa891c0e5f72a144e054cbce0
RouteD,brothers-desert-proof,640607b4c4caf107042558a9a2ac21351408fc50,rh-p5-bridge-14/Towers/RH/Chain/C12_M9Integration.lean,28997e923fd93e1e6e0eb2b802d051437b9b80293176a5fbaa74409e48d24fef
RouteD,brothers-desert-proof,640607b4c4caf107042558a9a2ac21351408fc50,rh-p5-bridge-14/Towers/RH/Chain/C13_ArakelovToRH.lean,3a35108099f230a1371787abf5d6d2528459a4c9a231a85835ab4fb136999063
RouteD,brothers-desert-proof,640607b4c4caf107042558a9a2ac21351408fc50,rh-p5-bridge-14/Towers/RH/Chain/C14_BC6SpectralGap.lean,72b3311ddc56511b9c752e0d2c4b5639babee51083904d729974fc7a8efe679a
RouteD,brothers-desert-proof,640607b4c4caf107042558a9a2ac21351408fc50,rh-p5-bridge-14/Towers/RH/Chain/C15_BC6ClassNumber.lean,5e1c21475a42fd742feeddb6a6a793446cfbe39838c0cde3790bad12e979c4d5
RouteD,brothers-desert-proof,640607b4c4caf107042558a9a2ac21351408fc50,rh-p5-bridge-14/Towers/RH/Chain/C16_MasterCertification.lean,5e877d1f00f215dc279c118c50e3dba64ba9e4c655ff05a6336ad69598bbbe85
RouteD,brothers-desert-proof,640607b4c4caf107042558a9a2ac21351408fc50,rh-p5-bridge-14/Towers/RH/Chain/C17_ArakelovPairingCert.lean,241a7a22bfc39e7a4cf148f515e5d539470c2c91e0af01c198aa9efcd0363a96
RouteD,brothers-desert-proof,640607b4c4caf107042558a9a2ac21351408fc50,rh-p5-bridge-14/Towers/RH/Chain/C18_KimSarnakCert.lean,37398d0e461cb31c1d8d593fae4a43792be456c28505c7e386f641604869802a
RouteD,brothers-desert-proof,640607b4c4caf107042558a9a2ac21351408fc50,rh-p5-bridge-14/Towers/RH/Chain/C19_BC6SelbergTraceCert.lean,0d997703e0059442e6ecab484c52ea62fbca5709435a3a855ca86efc2f4719c4
RouteD,brothers-desert-proof,640607b4c4caf107042558a9a2ac21351408fc50,rh-p5-bridge-14/Towers/RH/Chain/C20_LanglandsDescentCert.lean,66b7d1c3682e2326fc4120bf31923c18a58ca506de2eae515461717240cc1697
RouteD,brothers-desert-proof,640607b4c4caf107042558a9a2ac21351408fc50,rh-p5-bridge-14/Towers/RH/Chain/C21_GRHtoRHCert.lean,d00c96b48f2ea982b270fcf787919afd2a306a58f25b35ac69956458faa6c8c0
RouteD,brothers-desert-proof,640607b4c4caf107042558a9a2ac21351408fc50,rh-p5-bridge-14/Towers/RH/Chain/C22_RouteACert.lean,f66febd36b24e6e8b1f98e294ac68d3a931c98e643346fb2aed4132df7fd98b4
RouteD,brothers-desert-proof,640607b4c4caf107042558a9a2ac21351408fc50,rh-p5-bridge-14/Towers/RH/Chain/P5_BSD_RH_Link.lean,d013cc36cd2745f820a326c6133f4cc35ae71d665590f4811ee32324cc1e3a79
RouteD,brothers-desert-proof,640607b4c4caf107042558a9a2ac21351408fc50,rh-p5-bridge-14/Towers/RH/Chain/README.md,4a9f90bbbdfc76e1afd8787f53f7830dee121c1e368d8474378b784ae82e9390
RouteD,brothers-desert-proof,640607b4c4caf107042558a9a2ac21351408fc50,rh-p5-bridge-14/Towers/RH/ConverseTheorem/Converse.lean,18a9467df6019b8416960ef8072337654c06ff7164814263deefbcbf91c02971
RouteD,brothers-desert-proof,640607b4c4caf107042558a9a2ac21351408fc50,rh-p5-bridge-14/Towers/RH/ConverseTheorem/README.md,0efd41e8e55eeb3ce7d98f39a61b9c4cc547bc9bc0777886554f08de60d45cc9
RouteD,brothers-desert-proof,640607b4c4caf107042558a9a2ac21351408fc50,rh-p5-bridge-14/Towers/RH/Formalized/Addendum_A1_Complete_Sieve.lean,fb1d5b82da51c9d25ff5aa7222f6c3c1923e9e3788ef15a618f5683c7846cde5
RouteD,brothers-desert-proof,640607b4c4caf107042558a9a2ac21351408fc50,rh-p5-bridge-14/Towers/RH/Formalized/Bands_269_Certificate.lean,e6be61dbb0defaac95a228301bd23e0041f1ae73cc35c5b4d1cde36ca3e14362
RouteD,brothers-desert-proof,640607b4c4caf107042558a9a2ac21351408fc50,rh-p5-bridge-14/Towers/RH/Formalized/Boundary_Theorem.lean,62a351d0a64287d5c5dc3379cfcd21addcaefe9a030c6adf350c547442b79223
RouteD,brothers-desert-proof,640607b4c4caf107042558a9a2ac21351408fc50,rh-p5-bridge-14/Towers/RH/Formalized/C01_Arakelov_v2.lean,db291fc7dcf6debf9503a98d032f3238fef3e04af9d76d6cb5705eb8882c0c96
RouteD,brothers-desert-proof,640607b4c4caf107042558a9a2ac21351408fc50,rh-p5-bridge-14/Towers/RH/Formalized/C_Chain.lean,1fcc18a31b72972768d93afe4412030308c52dc31226042be36cd03911f312d2
RouteD,brothers-desert-proof,640607b4c4caf107042558a9a2ac21351408fc50,rh-p5-bridge-14/Towers/RH/Formalized/Certificates.lean,22536a66435d71b4c7c6796c140f79b52237b2d1221c5e966c743a7096a26a0e
RouteD,brothers-desert-proof,640607b4c4caf107042558a9a2ac21351408fc50,rh-p5-bridge-14/Towers/RH/Formalized/Data_Registry.lean,facdc78d12fae250953a673bdc1b1c8822218a3f776a4b081f186d8488aef8a5
RouteD,brothers-desert-proof,640607b4c4caf107042558a9a2ac21351408fc50,rh-p5-bridge-14/Towers/RH/Formalized/Exceptional_Prime_Desert_Map.lean,3a57a7910e9280617870011a22bde0cf3f5508a3451f812e8ed68aaaa8f8e376
RouteD,brothers-desert-proof,640607b4c4caf107042558a9a2ac21351408fc50,rh-p5-bridge-14/Towers/RH/Formalized/Modular_Sieve_Lindelof.lean,7b692c32c1f5fdbe8a8abd10f23f4672a79aef1ffc404764f62ca4b6dc786df0
RouteD,brothers-desert-proof,640607b4c4caf107042558a9a2ac21351408fc50,rh-p5-bridge-14/Towers/RH/Formalized/Module_10_Genus33.lean,ceae5e6d895aa6b2dd215ca462b6c9618eb7fd2958fdeae88c693d5eecf67527
RouteD,brothers-desert-proof,640607b4c4caf107042558a9a2ac21351408fc50,rh-p5-bridge-14/Towers/RH/Formalized/Module_14_S4_Quaternions.lean,a6c4898c869af27fa66391447e40495d34685f297faf23266ec7ca08c00872bb
RouteD,brothers-desert-proof,640607b4c4caf107042558a9a2ac21351408fc50,rh-p5-bridge-14/Towers/RH/Formalized/Module_15_Delta_Boost.lean,51039ba2960ff1745d5e914a35e63928d144ee53f4f17b2cc64ae87888e5dc3e
RouteD,brothers-desert-proof,640607b4c4caf107042558a9a2ac21351408fc50,rh-p5-bridge-14/Towers/RH/Formalized/Module_16_c_Bridge.lean,25f8e5fd39ed288a6561a5bafa1e3ffd6042577bd0a267e2a3b834b98e3f7662
RouteD,brothers-desert-proof,640607b4c4caf107042558a9a2ac21351408fc50,rh-p5-bridge-14/Towers/RH/Formalized/Module_18_Resonance_Ladder.lean,bdc90718bfbd46a32d62ea2aac69f1ee76422192adbdaf63f9936ce865de1207
RouteD,brothers-desert-proof,640607b4c4caf107042558a9a2ac21351408fc50,rh-p5-bridge-14/Towers/RH/Formalized/Module_21_H4_Invariant.lean,af93b931dc68fa149863d11d2009209091be8c091f965b9f4ea31018438b0bf1
RouteD,brothers-desert-proof,640607b4c4caf107042558a9a2ac21351408fc50,rh-p5-bridge-14/Towers/RH/Formalized/Module_24_ZLock.lean,24c77b1eb9d8d3cd5e031f8a12ba295c8ca263f1ce2a94d385a88f38d9cf337b
RouteD,brothers-desert-proof,640607b4c4caf107042558a9a2ac21351408fc50,rh-p5-bridge-14/Towers/RH/Formalized/README.md,881ebadc7e065d8d1979a9be84da6818079468757c8b96599ccded3d684c8bf1
RouteD,brothers-desert-proof,640607b4c4caf107042558a9a2ac21351408fc50,rh-p5-bridge-14/Towers/RH/Formalized/Sieve_Criterion.lean,facaf1ad39f9648eaeec99837f0b0e7f4f9ce1dc8198065c01d089604bd9253e
RouteD,brothers-desert-proof,640607b4c4caf107042558a9a2ac21351408fc50,rh-p5-bridge-14/Towers/RH/GrowthContradiction.lean,28ff8d9d5341f926ce33344b3ef09b40a760bf6d8f98ca78bec455e91cea8a4a
RouteD,brothers-desert-proof,640607b4c4caf107042558a9a2ac21351408fc50,rh-p5-bridge-14/Towers/RH/H2_WeilTransfer.lean,646d91a6514cdaa2907c98fea78f8073c23af4c0aa366af18a4db737b3cc664a
RouteD,brothers-desert-proof,640607b4c4caf107042558a9a2ac21351408fc50,rh-p5-bridge-14/Towers/RH/IwaniecKowalski/NonVanishing.lean,4be5e3e5ba5f108b8ae5906022b7e073d311985a3ca593cc195419c7b82cdb3c
RouteD,brothers-desert-proof,640607b4c4caf107042558a9a2ac21351408fc50,rh-p5-bridge-14/Towers/RH/IwaniecKowalski/README.md,3cbeaa8a3f9ae38a3e4a1fd8670c51276d68f82fd2d6c1f6ea462c23deb2053a
RouteD,brothers-desert-proof,640607b4c4caf107042558a9a2ac21351408fc50,rh-p5-bridge-14/Towers/RH/IwaniecKowalski/RankinSelberg.lean,a46572d645e03e0bc4ae274a740ed49c89acb77c806eff3a01d7975d36151ba3
RouteD,brothers-desert-proof,640607b4c4caf107042558a9a2ac21351408fc50,rh-p5-bridge-14/Towers/RH/JorgensonKramer/README.md,4556906e14a2a8c2258eba08a18b19197d085e40b16298875dcbcefeea7b4387
RouteD,brothers-desert-proof,640607b4c4caf107042558a9a2ac21351408fc50,rh-p5-bridge-14/Towers/RH/JorgensonKramer/X0_143/Basic.lean,c88fa6e053ca718bcb6435676cddc3dd8a7c13460147dcb438c368f4707a5245
RouteD,brothers-desert-proof,640607b4c4caf107042558a9a2ac21351408fc50,rh-p5-bridge-14/Towers/RH/JorgensonKramer/X0_143/C22_ClassNumberCert.lean,2c0a483797cd3b30e4480ebae7fa19ba561ced4a3fe9758aca815699d061b22f
RouteD,brothers-desert-proof,640607b4c4caf107042558a9a2ac21351408fc50,rh-p5-bridge-14/Towers/RH/JorgensonKramer/X0_143/C22b_ClassNumberLowerBound.lean,71dc6710e10dc52d4d087cb0aa54caf2a306fc2c338ac1acc82d1296d59d8a82
RouteD,brothers-desert-proof,640607b4c4caf107042558a9a2ac21351408fc50,rh-p5-bridge-14/Towers/RH/JorgensonKramer/X0_143/Discriminant143.lean,c4c8825157f30e6bbdce8ccca1e4d97c76fbe0d5f7271aa6a6496f6beee3d051
RouteD,brothers-desert-proof,640607b4c4caf107042558a9a2ac21351408fc50,rh-p5-bridge-14/Towers/RH/JorgensonKramer/X0_143/K1ClassNumber.lean,24a8870285db112f4669cdc67d6477c1ccc54727b2022fceac8d17c67964bc1e
RouteD,brothers-desert-proof,640607b4c4caf107042558a9a2ac21351408fc50,rh-p5-bridge-14/Towers/RH/JorgensonKramer/X0_143/K1IdealGrowth.lean,4ae84f8ae078530355a36eea4f55d8292cc51d4131684f328c006638148dfad7
RouteD,brothers-desert-proof,640607b4c4caf107042558a9a2ac21351408fc50,rh-p5-bridge-14/Towers/RH/JorgensonKramer/X0_143/README.md,8303d999cd72eb418384c980be35059f35365d75149461dd88a3a27e42afac71
RouteD,brothers-desert-proof,640607b4c4caf107042558a9a2ac21351408fc50,rh-p5-bridge-14/Towers/RH/KimSarnak/GelbartJacquet.lean,df3eb122553a27e6e01814477cc59525f6761a0abdc0d08494c54252f2cd9067
RouteD,brothers-desert-proof,640607b4c4caf107042558a9a2ac21351408fc50,rh-p5-bridge-14/Towers/RH/KimSarnak/MainTheorem.lean,a7806b7aa383792185a99f3968280679699a3fb47a421d3db450818700aaf7bf
RouteD,brothers-desert-proof,640607b4c4caf107042558a9a2ac21351408fc50,rh-p5-bridge-14/Towers/RH/KimSarnak/README.md,83b1e44a2c5080194a2615c57fb3f48b3c1ee65cac39e76cefc4de5737027ba2
RouteD,brothers-desert-proof,640607b4c4caf107042558a9a2ac21351408fc50,rh-p5-bridge-14/Towers/RH/M9_WeilTransfer.lean,eb9b8ca5e4cffab485c8ddfa9ee1e2362698f04816e11132909aea8779d0c2ba
RouteD,brothers-desert-proof,640607b4c4caf107042558a9a2ac21351408fc50,rh-p5-bridge-14/Towers/RH/README.md,e2895c273f97981bcbb97010fdf31e914a2cd39ad6beebeb54697ee8b8d80bc4
RouteD,brothers-desert-proof,640607b4c4caf107042558a9a2ac21351408fc50,rh-p5-bridge-14/Towers/RH/ZProtocolBridge.lean,b9f7fd22c284619863c1088791cffd40b9f0e8577e7d082fdf21900b7ce105ac
RouteD,brothers-desert-proof,640607b4c4caf107042558a9a2ac21351408fc50,rh-p5-bridge-14/Towers/RH/ZeroDensity.lean,898a71d93f60da088f456f71c92bb7796c4a661ce00e9116a7e834af51883179
RouteD,brothers-desert-proof,640607b4c4caf107042558a9a2ac21351408fc50,rh-p5-bridge-14/Towers/X0_143/Basic.lean,9a60422011b4df76bb84ccc90a502efd7e87c160207fbfb4ebf3d0192ecbc611
RouteD,brothers-desert-proof,640607b4c4caf107042558a9a2ac21351408fc50,rh-p5-bridge-14/Towers/X0_143/K1IdealGrowth.lean,b04b9ddcc106ba78d0e868845b8dec467b341ab9ee20dd009192fdfee09211b0
RouteD,brothers-desert-proof,640607b4c4caf107042558a9a2ac21351408fc50,rh-p5-bridge-14/Towers/X0_143/README.md,3fa61b5bcf0438c2e7c4796f0196ca4d1fe7cc8b9ec00cb28bcfd1b534ddf4d9
RouteD,brothers-desert-proof,640607b4c4caf107042558a9a2ac21351408fc50,rh-p5-bridge-14/lakefile.lean,731e9a3c6d2dbd5b0e43ff0c980b3deb81476265947146ac49c4e4bada759d6c
RouteD,brothers-desert-proof,640607b4c4caf107042558a9a2ac21351408fc50,rh-p5-bridge-14/lean-toolchain,e6930c662006db4d6dc76c651d60a608e4f6a18bcfd53e6b0167d70a125285d5
RouteD,brothers-desert-proof,640607b4c4caf107042558a9a2ac21351408fc50,rh-p5-bridge-14/scripts/audit.sh,89900b1e419a12563b3421611e256334100dc7797d7e3fa9c36d6f322252ff07
RouteD,brothers-desert-proof,640607b4c4caf107042558a9a2ac21351408fc50,rh-p5-bridge-14/scripts/relock-chain.sh,54367c3fcf4311ef1e7d4a90fd9b32f3c0a142d6d148a720200d9aacac23c022
RouteD,brothers-desert-proof,640607b4c4caf107042558a9a2ac21351408fc50,rh-p5-bridge-14/scripts/test-relock-api-failure.sh,0e659a707fedd06d63db6ddfe266e5fdc0262d8957e07160161cf6164b187615
RouteD,brothers-desert-proof,640607b4c4caf107042558a9a2ac21351408fc50,screenshots/README.md,3b3f06639db2e13e0a33aa71cfee3551b327164dce90226a4a63cdd1d3a0a28b
RouteD,brothers-desert-proof,640607b4c4caf107042558a9a2ac21351408fc50,screenshots/smithery-listing.png,569595ae341604001ff4cd6cec7dcc0ad011d8cc76b6942f55f85d22375571c8
RouteD,brothers-desert-proof,640607b4c4caf107042558a9a2ac21351408fc50,scripts/README.md,32ddc5ca81fd34d2af1063caeb84111470bb8fb32c2a92a57fd9155e6a06b1f0
RouteD,brothers-desert-proof,640607b4c4caf107042558a9a2ac21351408fc50,scripts/audit.sh,89900b1e419a12563b3421611e256334100dc7797d7e3fa9c36d6f322252ff07
RouteD,brothers-desert-proof,640607b4c4caf107042558a9a2ac21351408fc50,scripts/check_ensemble_links.sh,83a6d0d74f551010c3ad04380f0862d9ffa1d7517b24f16077df3938b83b082e
RouteD,brothers-desert-proof,640607b4c4caf107042558a9a2ac21351408fc50,scripts/lean-compat-check.sh,4db8a08bf13e8055e5d686ac2a19650adf8b79bdf2fd2d1cb52d720d3e09da0f
RouteD,brothers-desert-proof,640607b4c4caf107042558a9a2ac21351408fc50,scripts/post-merge.sh,17fb8e1669a24a087dc5593b084d4c09bbbb3956bf7cc771f94f1203084e170e
RouteD,brothers-desert-proof,640607b4c4caf107042558a9a2ac21351408fc50,scripts/test-lean-compat-check.sh,07c3b7e79c8cffcc73e00b0ff176451a072495797de561289956543c3f44e278
